5.072914361953735352e-01,3.893503546714782715e-01
-3.617293834686279297e-01,-2.983869612216949463e-01
-1.545239329338073730e+00,-1.178350090980529785e+00
-7.272813916206359863e-01,3.465528190135955811e-01
3.259471654891967773e-01,1.014581248164176941e-01
4.543198347091674805e-01,-4.845695495605468750e-01
5.640807747840881348e-01,4.042597115039825439e-01
2.210495948791503906e+00,2.805963993072509766e+00
-4.676309227943420410e-02,-1.247999221086502075e-01
-7.167823314666748047e-01,5.887033343315124512e-01
6.862496137619018555e-01,5.643395185470581055e-01
-5.287569761276245117e-01,-1.065722033381462097e-01
1.217874646186828613e+00,6.196765303611755371e-01
-1.330012440681457520e+00,3.528493940830230713e-01
-3.665015995502471924e-01,-4.394295811653137207e-01
1.265596747398376465e+00,9.008113145828247070e-01
-9.635061025619506836e-01,-3.805232048034667969e-01
4.018253982067108154e-01,-1.523326039314270020e-01
1.065163731575012207e+00,7.506600022315979004e-01
-1.836344718933105469e+00,-6.714128851890563965e-01
-2.036777734756469727e+00,-1.345221877098083496e+00
-1.893611192703247070e+00,-9.087304472923278809e-01
-5.239848494529724121e-01,-4.845699369907379150e-01
-1.020295500755310059e+00,4.068843722343444824e-01
-7.062415778636932373e-02,-2.207174003124237061e-01
-7.530512809753417969e-01,-1.140787601470947266e-01
1.048938155174255371e+00,1.119952678680419922e+00
4.734086990356445312e-01,2.638643085956573486e-01
6.261196136474609375e-01,6.891399621963500977e-02
-8.971300721168518066e-02,2.739012837409973145e-01
-1.134828567504882812e+00,-5.630475878715515137e-01
-1.125284194946289062e+00,4.646285995841026306e-02
-3.426405191421508789e-01,-2.901069819927215576e-01
-5.001236796379089355e-01,1.626793146133422852e-01
6.118029952049255371e-01,-9.787132591009140015e-02
-1.431197393685579300e-02,6.535149812698364258e-01
-1.955649971961975098e+00,-6.544633507728576660e-01
7.215639948844909668e-01,3.045901060104370117e-01
-1.788622498512268066e+00,-1.814623594284057617e+00
-1.183462888002395630e-01,4.923039376735687256e-01
-1.120512008666992188e+00,-2.369370497763156891e-02
3.875087499618530273e-01,5.165292024612426758e-01
-3.569571673870086670e-01,-1.099941134452819824e-01
-1.330489635467529297e+00,-8.041576743125915527e-01
-6.242014169692993164e-01,-1.916686892509460449e-01
-2.070183038711547852e+00,-1.298732638359069824e+00
9.983525872230529785e-01,1.267024755477905273e+00
-2.767412550747394562e-02,3.845985829830169678e-01
-1.002638220787048340e+00,3.506126999855041504e-01
-2.366060972213745117e+00,-1.788689851760864258e+00
5.879418849945068359e-01,1.456821680068969727e+00
-5.621625781059265137e-01,-1.760471165180206299e-01
-2.996906042098999023e-01,7.849659025669097900e-02
6.642974019050598145e-01,8.528758287429809570e-01
8.599582910537719727e-01,4.400039836764335632e-02
-9.439400434494018555e-01,-1.462642401456832886e-01
1.981429457664489746e+00,1.513033151626586914e+00
-8.207744359970092773e-02,-1.066442877054214478e-01
-2.323111057281494141e+00,-8.909693956375122070e-01
-2.445279598236083984e+00,-4.000132381916046143e-01
-1.044156432151794434e+00,-4.755154550075531006e-01
-1.478916127234697342e-02,9.258839488029479980e-01
6.261196136474609375e-01,3.048881590366363525e-01
-2.042462378740310669e-01,-2.156829833984375000e-01
4.018253982067108154e-01,-3.560200929641723633e-01
1.637829661369323730e+00,9.120454788208007812e-01
3.493310511112213135e-01,-3.898537158966064453e-02
7.406528592109680176e-01,2.310896217823028564e-01
-8.914455771446228027e-01,-3.665344417095184326e-01
-2.362720489501953125e+00,-2.633647322654724121e-01
1.260824561119079590e+00,9.164999127388000488e-01
8.456416726112365723e-01,3.701584339141845703e-01
1.389674425125122070e+00,1.125687837600708008e+00
-1.660685241222381592e-01,-4.564080536365509033e-01
1.590107560157775879e+00,1.392251133918762207e+00
5.211308002471923828e-01,3.853189051151275635e-01
-1.249361872673034668e+00,-9.776120781898498535e-01
3.063810169696807861e-01,1.804908215999603271e-01
1.833490610122680664e+00,1.595781087875366211e+00
-7.893200516700744629e-01,3.032078966498374939e-04
5.306752324104309082e-01,5.112165212631225586e-01
-4.013387560844421387e-01,3.673496544361114502e-01
-8.628123402595520020e-01,-4.490326344966888428e-01
1.256052374839782715e+00,8.428649902343750000e-01
1.158699035644531250e+00,2.787790298461914062e-01
9.840359687805175781e-01,6.049469709396362305e-01
-8.494079858064651489e-02,-3.491364419460296631e-01
9.591530542820692062e-04,-1.099987030029296875e+00
-1.984283566474914551e+00,-1.564610004425048828e+00
-7.764350771903991699e-01,-5.496809482574462891e-01
-8.365649580955505371e-01,1.714488416910171509e-01
-1.335748564451932907e-02,7.005967944860458374e-02
-8.723567128181457520e-01,-1.342488676309585571e-01
1.265596747398376465e+00,-4.845624268054962158e-01
-8.069773316383361816e-01,-1.065724119544029236e-01
6.738418340682983398e-01,-2.090983092784881592e-01
2.109367549419403076e-01,4.726691842079162598e-01
3.111532330513000488e-01,2.762766554951667786e-02
-1.475564956665039062e+00,2.516780793666839600e-01
-1.488885432481765747e-01,8.306781053543090820e-01
2.328889518976211548e-01,2.407928109169006348e-01
5.927141308784484863e-01,3.413359820842742920e-01
1.375357747077941895e+00,1.425407767295837402e+00
1.107201650738716125e-01,-5.828166007995605469e-01
1.364900916814804077e-01,5.390499234199523926e-01
1.536700874567031860e-01,4.016672074794769287e-02
1.102386951446533203e+00,1.130337238311767578e+00
-5.955681800842285156e-01,-6.841920316219329834e-03
-4.046794176101684570e-01,-1.308421045541763306e-01
1.966200023889541626e-01,-2.835625410079956055e-01
8.456416726112365723e-01,4.791647195816040039e-01
1.637829661369323730e+00,9.493018984794616699e-01
-4.175643622875213623e-01,2.384194582700729370e-01
1.437396645545959473e+00,7.597241997718811035e-01
1.107201650738716125e-01,-6.207330822944641113e-01
1.265596747398376465e+00,1.089652299880981445e+00
2.968365848064422607e-01,1.333792209625244141e-01
1.775311529636383057e-01,5.422092676162719727e-01
3.636476695537567139e-01,6.178085133433341980e-02
-9.845036864280700684e-01,7.349549978971481323e-02
-5.573902130126953125e-01,3.913815319538116455e-01
3.350144028663635254e-01,8.002960681915283203e-01
1.628285288810729980e+00,9.187316894531250000e-01
9.601748585700988770e-01,9.128142595291137695e-01
1.246507883071899414e+00,1.009409070014953613e+00
-1.979511141777038574e+00,-6.714126467704772949e-01
-5.192125439643859863e-01,-6.478061676025390625e-01
-8.337016105651855469e-01,-6.728000044822692871e-01
1.733274102210998535e+00,1.917755365371704102e+00
-2.369401454925537109e+00,-2.176962420344352722e-02
1.136746883392333984e+00,1.065200328826904297e+00
-9.057621359825134277e-01,-4.325221478939056396e-02
1.112885832786560059e+00,8.378806114196777344e-01
6.299792230129241943e-02,-3.249651193618774414e-01
3.254699707031250000e-01,3.975815176963806152e-01
-1.640683650970458984e+00,1.469087135046720505e-02
1.609196424484252930e+00,-1.571004465222358704e-02
-2.949183881282806396e-01,-2.432440221309661865e-01
-8.150901794433593750e-01,6.003593206405639648e-01
1.594879746437072754e+00,-4.845683574676513672e-01
-1.573872566223144531e+00,-7.731481194496154785e-01
1.107201650738716125e-01,-1.829183995723724365e-01
6.666834950447082520e-01,6.361398696899414062e-01
2.176178246736526489e-01,6.034829616546630859e-01
8.170083165168762207e-01,6.218792200088500977e-01
-1.573872566223144531e+00,-2.085770219564437866e-01
1.706072449684143066e+00,9.885491430759429932e-02
-2.996906042098999023e-01,1.189306750893592834e-01
-1.650228261947631836e+00,-7.467604279518127441e-01
-1.779078125953674316e+00,-7.494671344757080078e-01
-1.153917431831359863e+00,-5.975050926208496094e-01
5.731366109102964401e-03,1.164376810193061829e-01
-1.469795703887939453e-01,2.304898202419281006e-01
1.284685730934143066e+00,5.592930912971496582e-01
3.412182927131652832e-01,2.849176824092864990e-01
-2.185628712177276611e-01,-4.845758378505706787e-01
5.545364022254943848e-01,3.164838850498199463e-01
-3.808182179927825928e-01,-2.441926002502441406e-01
8.742749094963073730e-01,9.447185397148132324e-01
-1.149145364761352539e+00,-3.100302219390869141e-01
-6.766956448554992676e-01,-4.114630520343780518e-01
1.122430205345153809e+00,3.945846259593963623e-01
-4.524015486240386963e-01,6.443045288324356079e-02
9.601748585700988770e-01,3.499905467033386230e-01
-1.352441906929016113e+00,-4.743482172489166260e-01
1.298090219497680664e-01,-1.604463458061218262e-01
-2.996948003768920898e+00,-1.013724803924560547e+00
1.071367621421813965e+00,6.906027197837829590e-01
-4.161326885223388672e-01,-7.562028616666793823e-02
-1.053701043128967285e+00,-1.073646426200866699e+00
4.018253982067108154e-01,7.654216885566711426e-01
-6.585614085197448730e-01,-7.039542198181152344e-01
-7.912290096282958984e-01,6.196677312254905701e-02
-5.430737137794494629e-01,1.185783371329307556e-01
-2.328795194625854492e-01,-5.020074248313903809e-01
-8.016858249902725220e-02,3.769974410533905029e-01
1.122430205345153809e+00,3.279434442520141602e-01
2.252533882856369019e-01,5.130728483200073242e-01
5.783974528312683105e-01,1.185599207878112793e+00
1.194013595581054688e+00,7.350386381149291992e-01
4.734086990356445312e-01,2.270671278238296509e-01
5.068141818046569824e-01,-3.491409718990325928e-01
1.485118746757507324e+00,1.824223756790161133e+00
2.013922184705734253e-01,-1.335542201995849609e-01
-7.244180440902709961e-01,-1.656803011894226074e+00
3.813048601150512695e-01,5.532996058464050293e-01
-1.899295896291732788e-01,-3.375076130032539368e-02
7.883750200271606445e-01,9.636372923851013184e-01
7.616506218910217285e-01,6.857037544250488281e-01
-1.449795126914978027e+00,-1.054215788841247559e+00
9.267693161964416504e-01,8.350667953491210938e-01
2.682033181190490723e-01,-5.066867917776107788e-02
4.161420166492462158e-01,7.703155875205993652e-01
8.360972404479980469e-01,9.636372327804565430e-01
2.825199365615844727e-01,1.173286512494087219e-01
1.154923811554908752e-01,6.305324435234069824e-01
-8.971300721168518066e-02,-2.099898606538772583e-01
-7.960010766983032227e-01,-2.663718461990356445e-01
4.734086990356445312e-01,-4.845757186412811279e-01
3.159254491329193115e-01,2.099976986646652222e-01
-7.482789754867553711e-01,-6.877107620239257812e-01
3.016088008880615234e-01,4.851426184177398682e-01
1.270368933677673340e+00,9.274986982345581055e-01
-1.753307938575744629e+00,-1.127137541770935059e+00
1.676007509231567383e+00,1.007824420928955078e+00
-2.017688989639282227e+00,-3.972240984439849854e-01
-2.056779116392135620e-01,2.146395444869995117e-01
6.404362916946411133e-01,-2.420897632837295532e-01
3.397866189479827881e-01,4.701227545738220215e-01
-2.156995236873626709e-01,-1.394285168498754501e-02
1.308546781539916992e+00,7.060509920120239258e-01
-3.760460317134857178e-01,-3.491408228874206543e-01
-2.634217739105224609e-01,-4.280401170253753662e-01
-2.309706509113311768e-01,2.796727418899536133e-01
5.402197241783142090e-01,2.631839811801910400e-01
-1.565241068601608276e-01,4.385759532451629639e-01
-2.710572183132171631e-01,7.754253745079040527e-01
1.718045622110366821e-01,4.518970251083374023e-01
2.443422377109527588e-01,-2.091032713651657104e-01
7.549694776535034180e-01,2.080486714839935303e-01
9.163131564855575562e-02,1.652688831090927124e-01
9.506304264068603516e-01,8.511044383049011230e-01
1.031758069992065430e+00,9.866443872451782227e-01
-2.265844345092773438e+00,-1.537753462791442871e+00
8.170083165168762207e-01,1.312526822090148926e+00
-4.189960360527038574e-01,6.557986140251159668e-01
3.159254491329193115e-01,2.537783086299896240e-01
7.311084270477294922e-01,4.526915550231933594e-01
5.259030461311340332e-01,4.547812938690185547e-01
-5.001236796379089355e-01,-1.577624976634979248e-01
-1.526150465011596680e+00,-1.033480286598205566e+00
9.744915366172790527e-01,8.375297188758850098e-01
1.412581086158752441e+00,7.739484906196594238e-01
8.981360793113708496e-01,8.669272065162658691e-01
1.234100103378295898e+00,1.288355350494384766e+00
-1.416389465332031250e+00,-2.617000043392181396e-01
-2.323111057281494141e+00,-1.495172858238220215e+00
-1.069449424743652344e+00,2.740480005741119385e-01
3.397866189479827881e-01,9.783074259757995605e-01
1.050846934318542480e+00,5.790327191352844238e-01
-2.767412550747394562e-02,-5.968332886695861816e-01
-4.910564422607421875e-01,3.531733155250549316e-01
3.813048601150512695e-01,6.118108630180358887e-01
-1.517517715692520142e-01,2.397908568382263184e-01
-2.084500074386596680e+00,-1.719527602195739746e+00
-1.824891328811645508e+00,-2.677438855171203613e-01
-1.044156432151794434e+00,-4.086790680885314941e-01
-1.519946575164794922e+00,-2.353942245244979858e-01
-2.847100257873535156e+00,-1.358368754386901855e+00
5.449919700622558594e-01,7.629695534706115723e-01
5.306752324104309082e-01,4.054865539073944092e-01
5.727133527398109436e-02,1.976294964551925659e-01
1.017441391944885254e+00,1.206695675849914551e+00
3.407409787178039551e-01,-1.906654238700866699e-01
2.491144537925720215e-01,1.436708122491836548e-01
-1.612963229417800903e-01,2.987248301506042480e-01
8.217805027961730957e-01,7.043589353561401367e-01
3.350144028663635254e-01,1.436713039875030518e-01
5.306752324104309082e-01,-3.341280519962310791e-01
-4.199087619781494141e-02,7.468206286430358887e-01
9.363137483596801758e-01,6.164832711219787598e-01
-4.619459509849548340e-01,-4.898539781570434570e-01
-6.432902812957763672e-01,2.943764328956604004e-01
4.018253982067108154e-01,4.115891754627227783e-01
1.609196424484252930e+00,1.383768200874328613e+00
-2.003372430801391602e+00,-1.262406587600708008e+00
-1.373916864395141602e+00,-6.021153330802917480e-01
1.823033690452575684e-01,-1.439379155635833740e-01
6.070307493209838867e-01,5.419968366622924805e-01
7.731456309556961060e-02,1.600472033023834229e-01
-8.771288394927978516e-01,9.535450488328933716e-03
-6.107972934842109680e-02,-5.025877952575683594e-01
5.354475378990173340e-01,-3.240823745727539062e-01
7.931472659111022949e-01,3.832091689109802246e-01
-5.048959851264953613e-01,2.600505016744136810e-03
6.299792230129241943e-02,1.202838495373725891e-03
1.408763408660888672e+00,7.299035787582397461e-01
1.155835866928100586e+00,1.385145068168640137e+00
9.864221215248107910e-01,7.114307880401611328e-01
-2.042462378740310669e-01,-7.220262289047241211e-02
7.311084270477294922e-01,5.236043334007263184e-01
5.259030461311340332e-01,6.770147085189819336e-01
1.794400066137313843e-01,5.188749432563781738e-01
1.990973949432373047e+00,2.109818458557128906e+00
1.202645897865295410e-01,2.182604968547821045e-01
1.351496696472167969e+00,6.984568834304809570e-01
5.736252069473266602e-01,3.336484134197235107e-01
1.089024782180786133e+00,8.199250698089599609e-01
-6.432902812957763672e-01,-6.283447146415710449e-01
-7.530512809753417969e-01,-1.509260058403015137e+00
-5.526181459426879883e-01,1.541346013545989990e-01
1.714185237884521484e+00,1.224279962480068207e-02
8.742749094963073730e-01,5.701839327812194824e-01
1.065163731575012207e+00,8.056733608245849609e-01
-2.534000277519226074e-01,6.600080132484436035e-01
-5.511863231658935547e-01,2.664175443351268768e-02
-1.065154194831848145e+00,-2.259227633476257324e-01
9.640352427959442139e-02,-3.240824043750762939e-01
-7.759578824043273926e-01,-5.734914541244506836e-01
1.370585560798645020e+00,1.289196133613586426e+00
5.918019637465476990e-02,1.912401765584945679e-01
5.960546731948852539e-01,1.829911023378372192e-01
9.974406659603118896e-02,5.219359397888183594e-01
-5.096681118011474609e-01,-4.975058436393737793e-01
-1.545239329338073730e+00,-1.187797665596008301e+00
-8.341790437698364258e-01,-4.597388207912445068e-02
-5.287569761276245117e-01,4.794592559337615967e-01
5.273346900939941406e-01,1.031533241271972656e+00
3.350144028663635254e-01,3.940868675708770752e-01
-3.235516846179962158e-01,-4.060372710227966309e-02
-8.055455088615417480e-01,-8.996552228927612305e-01
1.202645897865295410e-01,-6.301060318946838379e-01
7.645139098167419434e-01,5.909914374351501465e-01
3.679427206516265869e-01,3.297539651393890381e-01
-7.673678398132324219e-01,-2.223455309867858887e-01
4.209142327308654785e-01,1.139242574572563171e-02
8.408694267272949219e-01,4.099834859371185303e-01
-9.534844756126403809e-01,-6.879602372646331787e-02
-1.320945262908935547e+00,-5.867458581924438477e-01
-7.101012468338012695e-01,-9.926912188529968262e-01
-1.366281151771545410e+00,-2.405210435390472412e-01
7.606961727142333984e-01,8.515824079513549805e-01
-4.676309227943420410e-02,-1.070241332054138184e-01
-2.199033260345458984e+00,-1.903132438659667969e+00
6.299792230129241943e-02,4.211048483848571777e-01
1.413535594940185547e+00,7.903563976287841797e-01
5.163586139678955078e-01,-4.638634324073791504e-01
-5.907958149909973145e-01,-1.036504626274108887e+00
6.251652240753173828e-01,6.957111358642578125e-01
4.390906915068626404e-02,-2.522634714841842651e-02
2.825199365615844727e-01,1.038035079836845398e-01
-3.951349854469299316e-01,4.013119637966156006e-02
-1.183462888002395630e-01,-5.448116660118103027e-01
1.775311529636383057e-01,-1.057648882269859314e-01
9.410859942436218262e-01,1.277590841054916382e-01
-1.803851723670959473e-01,-1.327651292085647583e-01
-1.064199805259704590e+00,-6.273020505905151367e-01
-1.261769652366638184e+00,-1.372541636228561401e-01
2.252533882856369019e-01,3.761617541313171387e-01
-4.189960360527038574e-01,-1.086384177207946777e+00
-2.552177190780639648e+00,-4.859622418880462646e-01
-1.558124303817749023e+00,-1.681997656822204590e+00
1.775311529636383057e-01,-4.199724495410919189e-01
1.265596747398376465e+00,7.864490747451782227e-01
-2.891916930675506592e-01,-3.939139842987060547e-01
5.211308002471923828e-01,-2.620186805725097656e-01
1.528068780899047852e+00,1.487694263458251953e+00
1.345812380313873291e-01,4.855619743466377258e-03
1.375357747077941895e+00,6.293567419052124023e-01
-2.208577394485473633e+00,-1.735744476318359375e+00
-1.411617398262023926e+00,2.203829288482666016e-01
-2.380377531051635742e+00,-1.193689346313476562e+00
-2.017688989639282227e+00,-1.522080540657043457e+00
-2.233350872993469238e-01,-5.765365958213806152e-01
-2.553132057189941406e+00,-5.172681808471679688e-02
-6.170429587364196777e-01,-1.032482981681823730e+00
8.790471553802490234e-01,8.573857545852661133e-01
-1.947018057107925415e-01,2.336494922637939453e-01
-3.760460317134857178e-01,-1.929819136857986450e-01
-8.962177038192749023e-01,1.824706941843032837e-01
-7.864567041397094727e-01,1.139777377247810364e-01
-9.678009748458862305e-01,-3.376089334487915039e-01
4.638642668724060059e-01,3.386729210615158081e-02
-2.744974851608276367e+00,-1.409315228462219238e+00
-5.669346451759338379e-01,-8.563189506530761719e-01
-8.680616021156311035e-01,4.175846576690673828e-01
-1.947018057107925415e-01,2.221999615430831909e-01
3.541032671928405762e-01,6.675542593002319336e-01
6.833862662315368652e-01,1.200539022684097290e-01
4.590920507907867432e-01,4.376796782016754150e-01
-2.003867551684379578e-02,9.102534055709838867e-01
8.704571723937988281e-01,6.083634495735168457e-01
-2.089272022247314453e+00,-1.582700014114379883e+00
8.885915875434875488e-01,-2.502858042716979980e-01
1.466029882431030273e+00,1.444503664970397949e+00
-2.104501277208328247e-01,1.249987632036209106e-01
6.786140203475952148e-01,6.998804211616516113e-01
-5.192125439643859863e-01,-9.706447720527648926e-01
3.875087499618530273e-01,4.759596586227416992e-01
9.029082655906677246e-01,5.035305619239807129e-01
-1.553352236747741699e+00,-1.419554114341735840e+00
2.204811722040176392e-01,1.282190233469009399e-01
5.974863767623901367e-01,-3.288406133651733398e-01
-5.239848494529724121e-01,-3.902124464511871338e-01
1.050846934318542480e+00,9.441434741020202637e-01
1.528068780899047852e+00,1.647932648658752441e+00
-1.817255854606628418e+00,-1.744699358940124512e+00
5.731366109102964401e-03,-1.203523635864257812e+00
5.111092329025268555e-01,4.392724037170410156e-01
-4.743537306785583496e-01,-3.934322595596313477e-01
1.145795360207557678e-02,3.468191623687744141e-01
-8.637666702270507812e-01,-4.447643458843231201e-01
1.138178586959838867e+00,1.254816412925720215e+00
-5.764793157577514648e-01,1.460764110088348389e-01
2.300256043672561646e-01,-3.341245949268341064e-01
1.775311529636383057e-01,-6.030651926994323730e-01
6.929306387901306152e-01,7.175771594047546387e-01
4.781809151172637939e-01,2.842915058135986328e-01
-2.567405700683593750e-01,-1.286405205726623535e+00
1.322863459587097168e+00,1.267798066139221191e+00
-6.003402471542358398e-01,4.192475974559783936e-02
3.445588350296020508e-01,2.986011095345020294e-02
7.549694776535034180e-01,6.467472314834594727e-01
3.354915976524353027e-01,5.172276496887207031e-01
3.493310511112213135e-01,-7.829414308071136475e-02
-1.979511141777038574e+00,-9.295440912246704102e-01
-6.485396027565002441e-01,-4.930051863193511963e-01
-1.473656058311462402e+00,-1.100681781768798828e+00
-8.923581987619400024e-02,7.811518758535385132e-02
3.717604279518127441e-01,7.713465690612792969e-01
1.790540695190429688e+00,1.923158288002014160e+00
-4.858071506023406982e-01,-3.250784873962402344e-01
-2.914865732192993164e+00,-1.894423246383666992e+00
-9.296233057975769043e-01,-1.327025055885314941e+00
1.809629559516906738e+00,1.627174496650695801e+00
8.170083165168762207e-01,6.110721230506896973e-01
9.267693161964416504e-01,1.021575450897216797e+00
2.080734074115753174e-01,4.913626611232757568e-01
1.060391426086425781e+00,-7.534387707710266113e-01
-3.474127352237701416e-01,-1.317738890647888184e-01
-3.244633972644805908e-02,-6.032463908195495605e-01
-2.567405700683593750e-01,-1.031467765569686890e-01
8.074638843536376953e-01,7.131562829017639160e-01
1.460780501365661621e+00,7.008481621742248535e-01
-1.222160220146179199e+00,-1.125621199607849121e-01
4.285497963428497314e-01,6.032821536064147949e-01
-7.539636641740798950e-02,-8.750278353691101074e-01
-2.809876918792724609e+00,-1.857283592224121094e+00
-1.545716524124145508e+00,-3.160340785980224609e-01
-7.244180440902709961e-01,1.316737383604049683e-01
1.318091154098510742e+00,1.213646173477172852e+00
-5.430737137794494629e-01,-3.245780467987060547e-01
1.642601966857910156e+00,1.657773375511169434e+00
8.360972404479980469e-01,1.267889857292175293e+00
-1.678861498832702637e+00,-1.337648272514343262e+00
-3.617293834686279297e-01,-1.846506744623184204e-01
-1.502289295196533203e+00,-7.991878986358642578e-01
-1.020295500755310059e+00,-1.130700230598449707e+00
-2.328795194625854492e-01,-3.578524887561798096e-01
-1.235045194625854492e+00,-1.463766336441040039e+00
1.054706498980522156e-01,-9.484449028968811035e-02
3.206976652145385742e-01,7.862501740455627441e-01
-1.088018566370010376e-01,-1.171252608299255371e+00
3.341015428304672241e-02,2.643257677555084229e-01
-1.040296480059623718e-01,1.362142711877822876e-01
-1.469795703887939453e-01,6.995431780815124512e-01
2.247760891914367676e-01,1.925499588251113892e-01
-3.550482988357543945e-01,-1.878371685743331909e-01
1.507071018218994141e+00,3.261104822158813477e-01
4.877253472805023193e-01,-1.044657453894615173e-01
1.170152425765991211e+00,6.413782238960266113e-01
4.781809151172637939e-01,3.698476403951644897e-02
-1.335748564451932907e-02,-5.695744156837463379e-01
-1.688405990600585938e+00,-1.330914139747619629e+00
1.282776713371276855e+00,-5.705384165048599243e-02
1.084252476692199707e+00,7.010017633438110352e-01
-1.010751008987426758e+00,-3.779981136322021484e-01
7.731456309556961060e-02,3.372513651847839355e-01
5.831696391105651855e-01,1.459878385066986084e-01
-4.810348153114318848e-01,-4.468116164207458496e-01
3.321510553359985352e-01,2.421563267707824707e-01
-2.628533124923706055e+00,-1.468510150909423828e+00
1.536700874567031860e-01,5.519398301839828491e-02
1.862124085426330566e+00,1.069168925285339355e+00
-8.723567128181457520e-01,-1.014757633209228516e+00
4.256864488124847412e-01,3.805147111415863037e-01
-1.135740727186203003e-01,1.854501105844974518e-02
1.170152425765991211e+00,8.300802111625671387e-01
2.004800550639629364e-02,-7.009425759315490723e-01
5.068141818046569824e-01,1.986518353223800659e-01
-1.106195330619812012e+00,-4.792432487010955811e-01
5.497641563415527344e-01,6.944076418876647949e-01
-6.107972934842109680e-02,-1.207723915576934814e-01
1.160607933998107910e+00,6.744695454835891724e-02
-1.053223609924316406e+00,-1.434820771217346191e+00
-1.020295500755310059e+00,-4.768716394901275635e-01
8.360972404479980469e-01,3.286551535129547119e-01
1.943251729011535645e+00,9.545156955718994141e-01
-1.569100499153137207e+00,-6.052918434143066406e-01
8.265527486801147461e-01,1.203219413757324219e+00
7.120195627212524414e-01,-6.859786063432693481e-02
2.820427715778350830e-01,-4.499953240156173706e-02
-6.814680099487304688e-01,-8.947666287422180176e-01
-3.350049555301666260e-01,-3.431047797203063965e-01
1.752363085746765137e+00,4.858521223068237305e-01
-5.349608063697814941e-01,9.755412116646766663e-03
-2.036777734756469727e+00,-4.890796244144439697e-01
-7.053291797637939453e-01,-7.009422183036804199e-01
1.775311529636383057e-01,5.589659810066223145e-01
-1.182550907135009766e+00,-1.119653582572937012e+00
1.967112779617309570e+00,1.000571608543395996e+00
1.036530375480651855e+00,1.415733397006988525e-01
1.819174051284790039e+00,7.862483859062194824e-01
5.974863767623901367e-01,-5.421987734735012054e-03
-4.294948577880859375e-01,-3.852201998233795166e-01
-3.578699007630348206e-02,1.962583512067794800e-01
-4.524015486240386963e-01,5.234674364328384399e-02
9.792637228965759277e-01,6.932312250137329102e-01
9.506304264068603516e-01,1.160083264112472534e-01
-3.378683030605316162e-01,-5.893590450286865234e-01
-6.242014169692993164e-01,-1.365262120962142944e-01
5.211308002471923828e-01,9.681712836027145386e-02
1.265596747398376465e+00,-1.944098621606826782e-01
1.399218916893005371e+00,1.082254767417907715e+00
9.172248840332031250e-01,8.136435747146606445e-01
4.113698005676269531e-01,3.944819569587707520e-01
6.213474273681640625e-01,7.243478894233703613e-01
1.222646832466125488e+00,1.085348129272460938e+00
1.880300641059875488e-01,3.910726010799407959e-01
4.113698005676269531e-01,4.167640805244445801e-01
-3.092350363731384277e-01,-1.188367486000061035e+00
-7.912290096282958984e-01,7.655521482229232788e-02
-4.027704298496246338e-01,9.680842608213424683e-02
4.447754323482513428e-01,-1.875845789909362793e-01
3.970531821250915527e-01,1.111329644918441772e-01
-1.665457189083099365e-01,3.559816181659698486e-01
-1.710835337638854980e+00,-2.749416828155517578e-01
1.260824561119079590e+00,1.507238745689392090e+00
6.118029952049255371e-01,6.419164538383483887e-01
-6.022492051124572754e-01,-3.162701725959777832e-01
-2.662850022315979004e-01,6.633585691452026367e-01
4.686364829540252686e-01,2.524401843547821045e-01
-1.063245534896850586e+00,-1.149409770965576172e+00
-8.341790437698364258e-01,-5.161460638046264648e-01
-4.667182862758636475e-01,-2.067877650260925293e-01
3.092443645000457764e-01,1.052756160497665405e-01
3.436464443802833557e-02,-4.425615668296813965e-01
-1.812969893217086792e-02,-1.207723319530487061e-01
2.095962524414062500e+00,1.800361990928649902e+00
1.823033690452575684e-01,-8.893402293324470520e-03
-7.244180440902709961e-01,-4.580315947532653809e-01
-4.180415570735931396e-01,-1.877584159374237061e-01
-8.007734417915344238e-01,-9.256184697151184082e-01
-2.281073033809661865e-01,-3.863802254199981689e-01
-7.015112042427062988e-01,3.083216249942779541e-01
2.524549961090087891e-01,-5.134756863117218018e-02
1.451713323593139648e+00,1.147982835769653320e+00
-1.330489635467529297e+00,-4.284735023975372314e-01
-2.548317015171051025e-01,-1.309714466333389282e-01
-5.860237479209899902e-01,-2.006832212209701538e-01
-1.888839125633239746e+00,-1.302464723587036133e+00
1.456485509872436523e+00,1.147982478141784668e+00
3.159254491329193115e-01,-6.245660185813903809e-01
-1.149145364761352539e+00,-8.828979730606079102e-01
2.300256043672561646e-01,-3.319143950939178467e-01
-1.874522328376770020e+00,-1.807195395231246948e-01
5.345349758863449097e-02,-1.750925779342651367e-01
2.252533882856369019e-01,-3.285792469978332520e-02
-4.676309227943420410e-02,-3.056120872497558594e-01
5.502413511276245117e-01,4.610472321510314941e-01
6.833862662315368652e-01,-2.698939666152000427e-02
3.302421867847442627e-01,-6.022899746894836426e-01
-2.275388717651367188e+00,-1.564130425453186035e+00
6.929306387901306152e-01,1.144012659788131714e-01
5.736252069473266602e-01,-7.233648002147674561e-02
-1.565241068601608276e-01,3.619409799575805664e-01
1.122430205345153809e+00,3.975548744201660156e-01
-3.244633972644805908e-02,-3.436150252819061279e-01
-5.239848494529724121e-01,-6.050900816917419434e-01
-6.576068401336669922e-01,-1.518524736166000366e-01
5.564452409744262695e-01,7.719435095787048340e-01
-3.808182179927825928e-01,-8.214977383613586426e-01
2.004800550639629364e-02,-5.903874337673187256e-02
1.704640746116638184e+00,1.355937004089355469e+00
-4.046794176101684570e-01,4.203808307647705078e-01
-2.853739559650421143e-01,1.821837127208709717e-01
2.004800550639629364e-02,-1.619482934474945068e-01
8.408694267272949219e-01,5.356457829475402832e-01
-4.199087619781494141e-02,2.787772119045257568e-01
1.050846934318542480e+00,5.450203418731689453e-01
9.888081550598144531e-01,7.478848695755004883e-01
8.074638843536376953e-01,-6.619212031364440918e-01
-9.925743192434310913e-02,-3.344738781452178955e-01
-2.920550405979156494e-01,2.211222648620605469e-01
-4.986920952796936035e-01,-5.506385564804077148e-01
6.061187386512756348e-02,-2.886441648006439209e-01
-3.808182179927825928e-01,8.929070830345153809e-02
7.311084270477294922e-01,-4.045363515615463257e-02
-1.040815830230712891e+00,-8.657178878784179688e-01
1.022213697433471680e+00,7.936605215072631836e-01
-7.540056705474853516e-01,-3.512314520776271820e-03
-2.323111057281494141e+00,-1.749988913536071777e+00
-1.812969893217086792e-02,2.805382944643497467e-02
1.222646832466125488e+00,1.085316896438598633e+00
4.590920507907867432e-01,2.387222051620483398e-01
2.204811722040176392e-01,-6.619241833686828613e-01
-5.096681118011474609e-01,-5.630201697349548340e-01
-2.319251447916030884e-01,-4.082953557372093201e-03
-1.040296480059623718e-01,-8.214993476867675781e-01
8.551861047744750977e-01,4.555263221263885498e-01
6.213474273681640625e-01,1.180350594222545624e-02
-1.409231185913085938e+00,-2.181326448917388916e-01
-1.678861498832702637e+00,-1.381999015808105469e+00
-2.758295536041259766e-01,-2.595659494400024414e-01
1.074708104133605957e+00,3.862688243389129639e-01
5.402197241783142090e-01,1.381323672831058502e-02
5.607402920722961426e-01,7.184127718210220337e-02
-7.196456789970397949e-01,-3.916183859109878540e-02
1.690324187278747559e+00,1.074874162673950195e+00
1.318091154098510742e+00,5.832782983779907227e-01
1.504207611083984375e+00,1.326261281967163086e+00
2.395700365304946899e-01,-2.361905574798583984e-01
-1.565241068601608276e-01,-1.728873997926712036e-01
-7.062415778636932373e-02,-5.091212391853332520e-01
7.311084270477294922e-01,-8.948379755020141602e-02
5.402197241783142090e-01,-4.354106485843658447e-01
-5.860237479209899902e-01,8.498614281415939331e-02
8.408694267272949219e-01,9.997797757387161255e-02
3.397866189479827881e-01,-2.180426754057407379e-02
2.190494984388351440e-01,3.311599195003509521e-01
1.103341341018676758e+00,6.385456919670104980e-01
8.304126560688018799e-02,4.191683977842330933e-02
-1.445022702217102051e+00,-1.111870765686035156e+00
-7.148736119270324707e-01,-2.123737633228302002e-01
-1.478916127234697342e-02,3.282195925712585449e-01
8.599582910537719727e-01,7.127784490585327148e-01
1.117658019065856934e+00,6.385887861251831055e-01
9.926260113716125488e-01,-4.866976290941238403e-02
-2.016734600067138672e+00,-1.425689101219177246e+00
5.202182009816169739e-02,1.609769165515899658e-01
6.452084779739379883e-01,5.145813524723052979e-02
-1.244589567184448242e+00,-4.810728728771209717e-01
-2.137906551361083984e-01,-2.621502280235290527e-01
-6.107972934842109680e-02,1.187150739133358002e-02
-1.120512008666992188e+00,-6.387751102447509766e-01
-5.526181459426879883e-01,-4.131278395652770996e-02
9.129298925399780273e-01,7.858496308326721191e-01
1.966200023889541626e-01,-6.619242429733276367e-01
9.506304264068603516e-01,1.180351339280605316e-02
-6.107972934842109680e-02,9.395963698625564575e-02
-7.339624762535095215e-01,1.911456882953643799e-01
7.463794946670532227e-01,7.534270286560058594e-01
1.340043425559997559e+00,1.506888031959533691e+00
-1.196867465972900391e+00,-1.178672909736633301e+00
7.836028337478637695e-01,4.757277071475982666e-01
1.122430205345153809e+00,7.830186486244201660e-01
9.315415620803833008e-01,5.581310987472534180e-01
-2.700116157531738281e+00,-1.442001938819885254e+00
1.050846934318542480e+00,6.413781642913818359e-01
3.016088008880615234e-01,1.935241818428039551e-01
-9.439400434494018555e-01,2.752943933010101318e-01
-2.567405700683593750e-01,-1.073054000735282898e-01
3.445588350296020508e-01,-2.872449159622192383e-01
-3.426405191421508789e-01,-1.032095193862915039e+00
-1.831572294235229492e+00,-4.821295142173767090e-01
-5.888868570327758789e-01,-1.628610193729400635e-01
-1.550488829612731934e+00,-6.803598999977111816e-01
-1.039384365081787109e+00,-1.937985606491565704e-02
4.495476186275482178e-01,2.913535945117473602e-02
5.211308002471923828e-01,2.522789239883422852e-01
1.794400066137313843e-01,-8.287038654088973999e-02
-6.528347134590148926e-01,-5.444775819778442383e-01
1.155835866928100586e+00,8.489695191383361816e-01
-4.524015486240386963e-01,-1.432642221450805664e+00
7.377895116806030273e-01,9.634557962417602539e-01
-1.702722430229187012e+00,-6.119821071624755859e-01
2.205723524093627930e+00,2.110921144485473633e+00
3.302421867847442627e-01,8.364766836166381836e-01
1.365813374519348145e+00,7.507882118225097656e-01
-9.964342713356018066e-01,-1.729246824979782104e-01
-6.647652983665466309e-01,-6.052285432815551758e-01
2.002427101135253906e+00,6.198437809944152832e-01
1.679867208003997803e-01,1.786600202322006226e-01
5.068141818046569824e-01,-6.305814385414123535e-01
1.160607933998107910e+00,5.612890124320983887e-01
6.375729441642761230e-01,-1.291385293006896973e-02
3.483765423297882080e-01,-7.937078922986984253e-02
-6.194291114807128906e-01,-8.773724436759948730e-01
1.170152425765991211e+00,1.354127407073974609e+00
1.966200023889541626e-01,2.723888121545314789e-02
1.456485509872436523e+00,2.719052731990814209e-01
5.020419955253601074e-01,3.689030557870864868e-02
-1.884066820144653320e+00,-4.642741978168487549e-01
-8.723567128181457520e-01,-5.632941424846649170e-02
3.684198856353759766e-01,-6.305814981460571289e-01
-1.860699988901615143e-02,1.269308477640151978e-01
9.591530542820692062e-04,1.736724972724914551e-01
-1.215956330299377441e+00,-3.142428398132324219e-01
-7.387345433235168457e-01,-8.708610534667968750e-01
1.623513102531433105e+00,1.561946034431457520e+00
8.647304773330688477e-01,9.841566681861877441e-01
1.260824561119079590e+00,4.205046892166137695e-01
-6.576068401336669922e-01,-3.614726662635803223e-01
2.443422377109527588e-01,7.883434295654296875e-01
-1.592961430549621582e+00,-8.194511532783508301e-01
5.068141818046569824e-01,3.145920634269714355e-01
6.022585630416870117e-01,-2.241540998220443726e-01
-7.053291797637939453e-01,-1.775885075330734253e-01
-9.081482887268066406e-01,-3.314948081970214844e-01
-6.576068401336669922e-01,9.275782853364944458e-02
3.159254491329193115e-01,1.148079261183738708e-01
1.752363085746765137e+00,1.522866964340209961e+00
-1.040296480059623718e-01,-4.422280788421630859e-01
3.350144028663635254e-01,4.628531336784362793e-01
8.170083165168762207e-01,3.185611367225646973e-01
-1.153917431831359863e+00,7.651600241661071777e-01
-1.326629221439361572e-01,4.672242999076843262e-01
-5.478457808494567871e-01,-2.210883498191833496e-01
1.797698974609375000e+00,3.074899613857269287e-01
5.402197241783142090e-01,8.171073198318481445e-01
1.341952204704284668e+00,1.373966693878173828e+00
-2.996906042098999023e-01,-3.357943296432495117e-01
2.863377928733825684e-01,5.232120156288146973e-01
1.141519069671630859e+00,5.661818385124206543e-01
1.599652051925659180e+00,1.196653604507446289e+00
-1.936561107635498047e+00,-9.390369057655334473e-01
-8.819011449813842773e-01,-8.003676310181617737e-03
-2.342199802398681641e+00,-4.063207805156707764e-01
-6.432902812957763672e-01,-5.643349885940551758e-01
-2.376517206430435181e-01,-1.489134132862091064e-01
-1.904067844152450562e-01,1.779853999614715576e-01
3.922809660434722900e-01,-1.417919099330902100e-01
1.489890933036804199e+00,5.616927742958068848e-01
-8.852416872978210449e-01,-3.004609346389770508e-01
-6.719235777854919434e-01,-7.566600292921066284e-02
3.111532330513000488e-01,5.673950910568237305e-01
-4.519243538379669189e-01,-3.520403206348419189e-01
-2.949183881282806396e-01,5.481017380952835083e-02
4.400030970573425293e-01,3.456822931766510010e-01
-7.864567041397094727e-01,-3.930823877453804016e-04
1.074708104133605957e+00,5.369642376899719238e-01
-7.358711957931518555e-01,-3.315921127796173096e-01
-7.530512809753417969e-01,-1.045785784721374512e+00
-1.183462888002395630e-01,1.708169877529144287e-01
2.920643687248229980e-01,-6.744942069053649902e-02
-2.694866895675659180e+00,-1.010881781578063965e+00
-3.617293834686279297e-01,1.327715665102005005e-01
-7.625957131385803223e-01,-3.357724845409393311e-01
-2.958727777004241943e-01,1.375131458044052124e-01
-2.476734519004821777e-01,7.559313774108886719e-01
-6.337458491325378418e-01,-3.229992687702178955e-01
-8.389511108398437500e-01,-1.340818032622337341e-02
-2.615127861499786377e-01,-9.066099524497985840e-01
1.074708104133605957e+00,1.187840580940246582e+00
4.490703344345092773e-01,3.341638743877410889e-01
4.256864488124847412e-01,7.740351557731628418e-01
-1.288493990898132324e+00,-9.160359501838684082e-01
-1.422073543071746826e-01,-3.993665874004364014e-01
5.640807747840881348e-01,8.852548152208328247e-02
-3.283239006996154785e-01,-1.313626207411289215e-02
6.929306387901306152e-01,2.614756524562835693e-01
-9.257636219263076782e-02,6.689413189888000488e-01
-1.569100499153137207e+00,-5.204194784164428711e-01
1.981429457664489746e+00,1.559609174728393555e+00
5.846013426780700684e-01,5.492588281631469727e-01
1.680779695510864258e+00,1.501835584640502930e+00
1.050357893109321594e-02,-3.037105500698089600e-01
8.647304773330688477e-01,3.327976763248443604e-01
8.026916980743408203e-01,5.839038491249084473e-01
-7.482789754867553711e-01,-6.707329750061035156e-01
-5.717069506645202637e-01,-5.777843594551086426e-01
-5.068047642707824707e-01,3.647021055221557617e-01
-7.816845774650573730e-01,-1.556566804647445679e-01
5.020419955253601074e-01,4.948585927486419678e-01
8.170083165168762207e-01,3.547395467758178711e-01
-6.647652983665466309e-01,-4.699253737926483154e-01
-2.042462378740310669e-01,-3.382750749588012695e-01
6.929306387901306152e-01,-4.439042806625366211e-01
6.638201475143432617e-01,4.539905488491058350e-01
5.974863767623901367e-01,-3.802610561251640320e-02
-4.996464848518371582e-01,-1.604318246245384216e-02
1.038439273834228516e+00,5.760198831558227539e-01
-7.578234076499938965e-01,-5.683627128601074219e-01
-4.309265315532684326e-01,-5.104506015777587891e-01
3.445588350296020508e-01,1.816566288471221924e-01
1.170152425765991211e+00,7.575057744979858398e-01
1.017441391944885254e+00,2.021895498037338257e-01
-5.144404172897338867e-01,1.073681414127349854e-01
1.236963510513305664e+00,6.660225987434387207e-01
-1.656431913375854492e+00,-4.314773082733154297e-01
1.050846934318542480e+00,8.100190162658691406e-01
-1.005978703498840332e+00,9.721120446920394897e-02
1.767156839370727539e+00,1.318759560585021973e+00
-3.497988879680633545e-01,-3.331755101680755615e-01
2.482021786272525787e-02,1.738937944173812866e-01
1.685552000999450684e+00,1.708796381950378418e+00
2.482021786272525787e-02,-2.942631542682647705e-01
2.524549961090087891e-01,5.994964838027954102e-01
4.447754323482513428e-01,6.232609152793884277e-01
-2.044890642166137695e+00,-3.240769505500793457e-01
-8.938317298889160156e-01,2.002952247858047485e-02
1.479860488325357437e-02,5.248649120330810547e-01
-1.058473110198974609e+00,-2.737810909748077393e-01
-7.248952388763427734e-01,2.737650871276855469e-01
1.050846934318542480e+00,1.017764329910278320e+00
3.254699707031250000e-01,3.550317287445068359e-01
-5.335292816162109375e-01,-9.912812113761901855e-01
6.738418340682983398e-01,-3.519368469715118408e-01
7.597417235374450684e-01,2.176300734281539917e-01
5.736252069473266602e-01,1.203425899147987366e-01
-8.771288394927978516e-01,-1.952976286411285400e-01
1.705595254898071289e+00,1.576259136199951172e+00
-1.058473110198974609e+00,-1.071663141250610352e+00
4.590920507907867432e-01,3.743055462837219238e-01
7.645139098167419434e-01,6.101287603378295898e-01
-2.361288785934448242e+00,-1.149134159088134766e+00
1.932794600725173950e-01,4.172035455703735352e-01
-6.289735436439514160e-01,-4.459947347640991211e-02
-1.044156432151794434e+00,-5.104506015777587891e-01
9.425176382064819336e-01,6.260269880294799805e-02
2.586588859558105469e-01,-1.387616157531738281e+00
2.395700365304946899e-01,-2.569728195667266846e-01
-1.565241068601608276e-01,2.646542489528656006e-01
1.031758069992065430e+00,1.214355587959289551e+00
1.108113646507263184e+00,2.881266772747039795e-01
4.218687415122985840e-01,4.885000884532928467e-01
-6.089302897453308105e-01,2.003981620073318481e-01
-5.955681800842285156e-01,-2.762632369995117188e-01
7.692861557006835938e-01,6.774336695671081543e-01
-8.031595945358276367e-01,1.106762811541557312e-01
3.751009702682495117e-01,8.961558341979980469e-01
1.399218916893005371e+00,1.361543655395507812e+00
-1.096650838851928711e+00,-1.492593586444854736e-01
1.508979797363281250e+00,7.433170080184936523e-02
-1.239817500114440918e+00,-1.534446716308593750e+00
2.395700365304946899e-01,1.816578060388565063e-01
1.442168831825256348e+00,4.731738865375518799e-01
7.167918086051940918e-01,-7.173307985067367554e-02
1.174924731254577637e+00,5.769538879394531250e-01
8.217805027961730957e-01,2.214493304491043091e-01
-1.029839873313903809e+00,-9.917052388191223145e-01
1.298090219497680664e-01,-1.334901899099349976e-01
8.360972404479980469e-01,-1.036959066987037659e-01
-1.034611940383911133e+00,-8.200222849845886230e-01
1.905074000358581543e+00,1.001518964767456055e+00
-5.287569761276245117e-01,6.239774078130722046e-02
1.536700874567031860e-01,-1.036740373820066452e-02
1.003124833106994629e+00,4.370760321617126465e-01
1.679867208003997803e-01,-4.386955499649047852e-01
5.068141818046569824e-01,9.401502609252929688e-01
4.209142327308654785e-01,3.090782761573791504e-01
9.163131564855575562e-02,5.339578986167907715e-01
2.061645388603210449e-01,5.574852824211120605e-01
1.661690831184387207e+00,1.709136128425598145e+00
3.302421867847442627e-01,1.556890457868576050e-01
7.501972913742065430e-01,5.970979928970336914e-01
-4.333126842975616455e-01,-1.045789718627929688e+00
-6.766956448554992676e-01,-5.988684669137001038e-02
1.698955893516540527e-01,7.633471488952636719e-02
7.167918086051940918e-01,4.911440312862396240e-01
-1.273222804069519043e+00,-1.041503071784973145e+00
-1.803851723670959473e-01,-5.254157781600952148e-01
-3.721866384148597717e-02,-5.114033818244934082e-01
1.488978713750839233e-01,-1.440291292965412140e-02
3.827365338802337646e-01,2.367267310619354248e-01
-4.748309254646301270e-01,-9.453323483467102051e-01
-4.619459509849548340e-01,1.662013120949268341e-03
-4.714903831481933594e-01,-2.150490432977676392e-01
-1.631139159202575684e+00,-1.510734677314758301e+00
-1.040296480059623718e-01,-1.089060425758361816e+00
6.977028846740722656e-01,4.407016634941101074e-01
1.671235322952270508e+00,5.641226172447204590e-01
-2.471961528062820435e-01,-2.641641199588775635e-01
-6.289735436439514160e-01,1.141827329993247986e-01
-8.198623061180114746e-01,-1.328147500753402710e-01
6.929306387901306152e-01,1.056517958641052246e+00
-1.731355786323547363e+00,-1.075518250465393066e+00
1.141519069671630859e+00,5.800846219062805176e-01
5.736252069473266602e-01,-2.607468515634536743e-02
1.384902238845825195e+00,5.789778232574462891e-01
6.642974019050598145e-01,3.132287859916687012e-01
-7.549600601196289062e-01,5.733480453491210938e-01
5.044280886650085449e-01,-3.615899384021759033e-02
8.456416726112365723e-01,2.132505625486373901e-01
-2.289705038070678711e+00,-1.109093904495239258e+00
-1.231184974312782288e-01,6.299852393567562103e-03
-2.070183038711547852e+00,-1.715654492378234863e+00
8.790471553802490234e-01,7.730214595794677734e-01
5.211308002471923828e-01,2.642347216606140137e-01
-2.901461720466613770e-01,-5.798460841178894043e-01
1.981429457664489746e+00,1.237805604934692383e+00
-1.354350566864013672e+00,-7.883681654930114746e-01
-2.290191128849983215e-02,-5.264484286308288574e-01
-2.567405700683593750e-01,3.358796238899230957e-01
-2.796472609043121338e-01,5.406340360641479492e-01
1.103341341018676758e+00,4.583876729011535645e-01
-4.953515827655792236e-01,1.390161961317062378e-01
6.738418340682983398e-01,-1.325556263327598572e-02
-5.764793157577514648e-01,-2.378984987735748291e-01
-3.235516846179962158e-01,-3.002765178680419922e-01
-2.647621870040893555e+00,-1.747590780258178711e+00
5.731366109102964401e-03,-8.198604583740234375e-01
-6.318368911743164062e-01,-2.013866752386093140e-01
-2.037255048751831055e+00,-1.505697607994079590e+00
-4.524015486240386963e-01,1.702935621142387390e-02
-2.595127344131469727e+00,-9.797896742820739746e-01
-1.101423144340515137e+00,1.433160156011581421e-01
5.211308002471923828e-01,2.981697618961334229e-01
-1.335261702537536621e+00,-9.836276769638061523e-01
6.356640458106994629e-01,7.775353789329528809e-01
-4.299721419811248779e-01,1.697119176387786865e-01
1.050357893109321594e-02,4.629208743572235107e-01
-1.247452974319458008e+00,-7.718441486358642578e-01
-1.864977955818176270e+00,-5.102501437067985535e-02
-2.299249887466430664e+00,-1.250416278839111328e+00
2.347978204488754272e-01,1.372895836830139160e-01
2.710666656494140625e-01,-9.969136118888854980e-02
1.351496696472167969e+00,6.718574166297912598e-01
1.060391426086425781e+00,1.147698402404785156e+00
-1.111922025680541992e+00,-5.165917873382568359e-01
-5.669346451759338379e-01,-6.592829525470733643e-02
1.050357893109321594e-02,-3.169731795787811279e-01
-6.003402471542358398e-01,-3.822649121284484863e-01
1.761907458305358887e+00,1.626279115676879883e+00
1.232191205024719238e+00,4.984734058380126953e-01
-2.552177190780639648e+00,-9.462641477584838867e-01
6.308918595314025879e-01,8.523524552583694458e-02
-3.650699257850646973e-01,-4.171879887580871582e-01
7.883750200271606445e-01,2.034140974283218384e-01
9.792637228965759277e-01,2.714494466781616211e-01
-6.337458491325378418e-01,1.107774823904037476e-01
8.695027232170104980e-01,8.203346729278564453e-01
1.213102340698242188e+00,4.060528576374053955e-01
3.206976652145385742e-01,-8.567522168159484863e-01
-7.578234076499938965e-01,-1.560310602188110352e+00
1.637829661369323730e+00,7.089737653732299805e-01
1.536700874567031860e-01,-3.622899651527404785e-01
-1.005978703498840332e+00,-5.761760473251342773e-01
4.304586648941040039e-01,2.294211834669113159e-01
-8.690162301063537598e-01,-1.904202103614807129e-01
3.980076611042022705e-01,1.777825355529785156e-01
1.160607933998107910e+00,3.952232301235198975e-01
1.011757403612136841e-01,-7.176370620727539062e-01
-7.148736119270324707e-01,-6.548312306404113770e-01
3.970531821250915527e-01,-5.858681797981262207e-01
-3.330960869789123535e-01,-1.033969879150390625e+00
8.360972404479980469e-01,-2.035486549139022827e-01
7.072473168373107910e-01,5.618607997894287109e-01
-5.535303056240081787e-02,3.547810316085815430e-01
1.943251729011535645e+00,7.828904986381530762e-01
2.482021786272525787e-02,-2.047297358512878418e-01
-1.678861498832702637e+00,-1.373286366462707520e+00
3.350144028663635254e-01,3.236511722207069397e-02
-1.756129562854766846e-01,-1.483151316642761230e-01
-1.517517715692520142e-01,3.006289303302764893e-01
-2.265844345092773438e+00,-1.425125598907470703e+00
-4.079287052154541016e+00,-1.769518256187438965e+00
-1.058473110198974609e+00,-3.816738724708557129e-01
3.159254491329193115e-01,3.549061417579650879e-01
1.298090219497680664e-01,-3.730060532689094543e-02
-2.662850022315979004e-01,3.790860995650291443e-02
-2.758295536041259766e-01,-9.085745811462402344e-01
1.079480290412902832e+00,1.306573510169982910e+00
-1.297995746135711670e-01,-1.875194907188415527e-01
6.261196136474609375e-01,4.125410318374633789e-01
1.174924731254577637e+00,7.514162659645080566e-01
8.885915875434875488e-01,-5.718627572059631348e-02
-2.471049547195434570e+00,-1.403902411460876465e+00
-3.569571673870086670e-01,-3.226210772991180420e-01
-6.910124421119689941e-01,-7.207600474357604980e-01
1.747590661048889160e+00,9.889400005340576172e-01
-1.612963229417800903e-01,-2.251376658678054810e-01
1.131974697113037109e+00,2.114018052816390991e-01
2.443422377109527588e-01,-6.281714886426925659e-03
8.647304773330688477e-01,-5.994008183479309082e-01
1.488978713750839233e-01,1.673979684710502625e-02
-1.612963229417800903e-01,-1.663453727960586548e-01
-2.576950788497924805e-01,-1.955506354570388794e-01
8.981360793113708496e-01,7.855929434299468994e-02
6.261196136474609375e-01,-2.455023527145385742e-01
-3.378683030605316162e-01,-7.317270040512084961e-01
-1.029839873313903809e+00,-1.052099347114562988e+00
1.074708104133605957e+00,7.514162063598632812e-01
1.728501915931701660e+00,1.160754323005676270e+00
4.877253472805023193e-01,-1.643233299255371094e-01
1.528068780899047852e+00,1.153758049011230469e+00
2.443422377109527588e-01,-7.756949663162231445e-01
-1.517517715692520142e-01,-1.072935104370117188e+00
9.410859942436218262e-01,6.579465270042419434e-01
9.983525872230529785e-01,2.589657604694366455e-01
7.979194521903991699e-01,6.187148392200469971e-02
1.089024782180786133e+00,8.874955773353576660e-01
4.161420166492462158e-01,1.212448775768280029e-01
4.314131438732147217e-01,5.129920840263366699e-01
-6.528347134590148926e-01,8.111603558063507080e-02
-8.055455088615417480e-01,3.727968037128448486e-02
-9.582566022872924805e-01,-2.566362917423248291e-01
5.115864276885986328e-01,2.688528597354888916e-01
-4.858071506023406982e-01,-6.164694428443908691e-01
-4.905792474746704102e-01,-1.017191648483276367e+00
-6.585194170475006104e-02,3.123880326747894287e-01
-6.107972934842109680e-02,-7.756950855255126953e-01
-1.017432093620300293e+00,-5.334156751632690430e-01
2.939732372760772705e-01,1.323817223310470581e-01
1.914618253707885742e+00,2.791217327117919922e+00
2.347978204488754272e-01,-1.643233448266983032e-01
9.019964188337326050e-02,-8.285434544086456299e-02
3.063810169696807861e-01,-3.590321242809295654e-01
2.729755342006683350e-01,-1.066754385828971863e-01
3.607843220233917236e-01,7.192810773849487305e-01
-2.910093545913696289e+00,-1.662825703620910645e+00
7.254234701395034790e-02,-1.310667991638183594e-01
1.733274102210998535e+00,2.081583976745605469e+00
1.823033690452575684e-01,-1.086662635207176208e-01
-1.466020584106445312e+00,-6.602444052696228027e-01
-1.171574711799621582e+00,-5.909296870231628418e-01
-2.290191128849983215e-02,3.179048001766204834e-01
2.075961083173751831e-01,-6.699971854686737061e-02
-6.442446708679199219e-01,-5.645050406455993652e-01
-4.810348153114318848e-01,-1.038520574569702148e+00
1.345812380313873291e-01,-1.054006099700927734e+00
9.363137483596801758e-01,1.242997348308563232e-01
-2.567405700683593750e-01,-1.928163915872573853e-01
-8.737882971763610840e-01,2.401623129844665527e-02
-1.406845092773437500e+00,-1.442667245864868164e+00
7.454250454902648926e-01,6.435187160968780518e-02
5.822570994496345520e-02,2.778101265430450439e-01
2.548411488533020020e-01,-3.654658496379852295e-01
2.825199365615844727e-01,-1.314139366149902344e-01
-3.521849513053894043e-01,-2.575065381824970245e-02
6.547529697418212891e-01,6.116934418678283691e-01
3.922809660434722900e-01,4.941856265068054199e-01
9.649471044540405273e-01,7.410663962364196777e-01
3.016088008880615234e-01,9.174693226814270020e-01
3.970531821250915527e-01,1.539736270904541016e+00
-7.539636641740798950e-02,-7.550486922264099121e-01
-8.098406791687011719e-01,-6.061531901359558105e-01
-1.517517715692520142e-01,-4.656240046024322510e-01
1.284685730934143066e+00,8.724644184112548828e-01
8.981360793113708496e-01,5.949290394783020020e-01
-5.287569761276245117e-01,9.446360915899276733e-02
-2.520680665969848633e+00,-9.565424919128417969e-01
9.029082655906677246e-01,-4.051905870437622070e-01
-1.698862612247467041e-01,-1.019770801067352295e-01
-1.187322974205017090e+00,-1.508535146713256836e+00
1.679867208003997803e-01,2.896730303764343262e-01
3.483765423297882080e-01,4.306781291961669922e-02
1.107201650738716125e-01,2.780892550945281982e-01
-1.418775677680969238e+00,-2.718560695648193359e-01
-2.133134752511978149e-01,-3.633781671524047852e-01
-1.173006534576416016e+00,-9.066842198371887207e-01
-8.341790437698364258e-01,-3.166078031063079834e-01
1.074708104133605957e+00,6.055379509925842285e-01
-2.647621870040893555e+00,-9.988548159599304199e-01
-8.341790437698364258e-01,-5.815894007682800293e-01
6.929306387901306152e-01,4.200263917446136475e-01
1.609196424484252930e+00,7.113703489303588867e-01
-4.194732308387756348e-01,-2.532511949539184570e-01
-3.044628202915191650e-01,-5.645086169242858887e-01
4.299690946936607361e-03,2.884033322334289551e-01
-9.534844756126403809e-01,-8.935674428939819336e-01
-8.016858249902725220e-02,5.480827689170837402e-01
-6.585194170475006104e-02,-4.512875974178314209e-01
1.351496696472167969e+00,1.018015742301940918e+00
-1.660685241222381592e-01,-1.767694354057312012e-01
4.652959406375885010e-01,3.155860304832458496e-01
-1.349578499794006348e+00,-8.935672044754028320e-01
-7.816845774650573730e-01,-5.312850475311279297e-01
6.413907408714294434e-01,3.881407976150512695e-01
4.944064021110534668e-01,2.454503476619720459e-01
1.345812380313873291e-01,-5.036979913711547852e-01
2.787022292613983154e-01,3.177959024906158447e-01
-1.674089193344116211e+00,-1.066131353378295898e+00
-5.621625781059265137e-01,-2.758626639842987061e-01
1.112885832786560059e+00,3.952213525772094727e-01
2.739300131797790527e-01,1.631243079900741577e-01
-2.996906042098999023e-01,2.060514241456985474e-01
-1.490836143493652344e+00,-1.368401169776916504e+00
-2.806017696857452393e-01,-5.035381317138671875e-01
-1.235045194625854492e+00,-6.914595365524291992e-01
9.052943587303161621e-01,6.218653917312622070e-01
1.065163731575012207e+00,6.783496737480163574e-01
-4.333126842975616455e-01,-5.648083090782165527e-01
1.241735696792602539e+00,1.065187454223632812e+00
-2.290191128849983215e-02,-9.518687129020690918e-01
-2.328795194625854492e-01,-7.955096960067749023e-01
-2.388490438461303711e+00,-1.459610819816589355e+00
9.124526977539062500e-01,7.293589413166046143e-02
6.738418340682983398e-01,7.208380699157714844e-01
-2.901461720466613770e-01,-8.764480948448181152e-01
6.833862662315368652e-01,6.518157720565795898e-01
1.488978713750839233e-01,-1.393938899040222168e+00
-2.647621870040893555e+00,-4.617626368999481201e-01
1.580563187599182129e+00,1.658637285232543945e+00
1.661690831184387207e+00,6.045741960406303406e-03
5.941457748413085938e-01,9.885948896408081055e-01
1.112885832786560059e+00,6.923848390579223633e-01
-1.411617398262023926e+00,-1.152878642082214355e+00
-1.280858516693115234e+00,-9.433448314666748047e-01
-6.289735436439514160e-01,-1.263746261596679688e+00
3.588754832744598389e-01,-1.076447844505310059e+00
-1.864977955818176270e+00,-8.554797172546386719e-01
-2.443370819091796875e+00,-9.542981982231140137e-01
2.395700365304946899e-01,-7.332379817962646484e-01
2.586588859558105469e-01,3.662250041961669922e-01
4.590920507907867432e-01,-7.756988406181335449e-01
5.020419955253601074e-01,-3.362139761447906494e-01
6.924535036087036133e-01,1.282841861248016357e-01
-5.449824333190917969e-01,-2.821813523769378662e-01
1.843035101890563965e+00,9.282977581024169922e-01
4.781809151172637939e-01,1.504368931055068970e-01
-8.127040266990661621e-01,-9.428374171257019043e-01
5.020419955253601074e-01,5.235481858253479004e-01
5.211308002471923828e-01,2.473162710666656494e-01
1.986201643943786621e+00,1.089212417602539062e+00
-6.623791456222534180e-01,-8.764482736587524414e-01
1.446941018104553223e+00,1.594293475151062012e+00
3.636476695537567139e-01,3.386889696121215820e-01
-5.048959851264953613e-01,-7.064089775085449219e-01
1.251280069351196289e+00,8.393093347549438477e-01
9.267693161964416504e-01,1.174779981374740601e-01
-6.585194170475006104e-02,-9.291834235191345215e-01
-1.254134058952331543e+00,-6.805621981620788574e-01
-6.671512126922607422e-01,3.513005673885345459e-01
9.744915366172790527e-01,8.613469600677490234e-01
4.619553089141845703e-01,1.705072373151779175e-01
7.311084270477294922e-01,4.323450326919555664e-01
9.506304264068603516e-01,2.082174718379974365e-01
3.684198856353759766e-01,8.115052580833435059e-01
8.026916980743408203e-01,7.208762764930725098e-01
4.590920507907867432e-01,1.496384888887405396e-01
-2.376517206430435181e-01,-1.358304768800735474e-01
2.157089710235595703e-01,-7.070565968751907349e-02
8.360972404479980469e-01,4.055458903312683105e-01
-5.630751699209213257e-02,-1.361787021160125732e-01
1.341952204704284668e+00,8.267776370048522949e-01
-3.550482988357543945e-01,-2.702104747295379639e-01
-3.813060000538825989e-03,4.503473639488220215e-01
-1.422073543071746826e-01,-1.974133551120758057e-01
-3.569571673870086670e-01,-7.059563994407653809e-01
-3.020766675472259521e-01,4.356435835361480713e-01
-5.678470432758331299e-02,-1.033636629581451416e-01
-5.907958149909973145e-01,-7.481423020362854004e-01
1.976657152175903320e+00,1.672289371490478516e+00
1.580563187599182129e+00,2.151604413986206055e+00
5.731366109102964401e-03,-8.138356804847717285e-01
1.699868559837341309e+00,2.457266747951507568e-01
