5.072914361953735352e-01,-1.123267114162445068e-01
-3.617293834686279297e-01,-5.373232439160346985e-02
-1.545239329338073730e+00,-1.741933822631835938e+00
-7.272813916206359863e-01,-1.453760385513305664e+00
3.259471654891967773e-01,5.357051268219947815e-02
4.543198347091674805e-01,-4.736129194498062134e-03
5.640807747840881348e-01,-4.255586564540863037e-01
2.210495948791503906e+00,2.016015052795410156e+00
-4.676309227943420410e-02,-4.816296398639678955e-01
-7.167823314666748047e-01,1.113306730985641479e-02
6.862496137619018555e-01,4.995296597480773926e-01
-5.287569761276245117e-01,-6.549050211906433105e-01
1.217874646186828613e+00,1.321222543716430664e+00
-1.330012440681457520e+00,-4.398824870586395264e-01
-3.665015995502471924e-01,-9.826045632362365723e-01
1.265596747398376465e+00,1.095269680023193359e+00
-9.635061025619506836e-01,-9.621667265892028809e-01
4.018253982067108154e-01,2.758824229240417480e-01
1.065163731575012207e+00,1.423753261566162109e+00
-1.836344718933105469e+00,-1.207533836364746094e+00
-2.036777734756469727e+00,-1.010177969932556152e+00
-1.893611192703247070e+00,-1.577134847640991211e+00
-5.239848494529724121e-01,-4.736129194498062134e-03
-1.020295500755310059e+00,6.381438672542572021e-02
-7.062415778636932373e-02,-5.356149673461914062e-01
-7.530512809753417969e-01,-9.032511711120605469e-01
1.048938155174255371e+00,1.276763916015625000e+00
4.734086990356445312e-01,2.619490623474121094e-01
6.261196136474609375e-01,5.985758304595947266e-01
-8.971300721168518066e-02,-1.616134643554687500e-01
-1.134828567504882812e+00,1.674005687236785889e-01
-1.125284194946289062e+00,-2.853613197803497314e-01
-3.426405191421508789e-01,-3.065834045410156250e-01
-5.001236796379089355e-01,1.135942339897155762e-01
6.118029952049255371e-01,-4.466682970523834229e-01
-1.431197393685579300e-02,5.654992535710334778e-02
-1.955649971961975098e+00,-1.381229639053344727e+00
7.215639948844909668e-01,8.427161574363708496e-01
-1.788622498512268066e+00,-1.307952165603637695e+00
-1.183462888002395630e-01,4.295638799667358398e-01
-1.120512008666992188e+00,-6.717599630355834961e-01
3.875087499618530273e-01,4.189863204956054688e-01
-3.569571673870086670e-01,-2.137752175331115723e-01
-1.330489635467529297e+00,-1.132037639617919922e+00
-6.242014169692993164e-01,-2.906972765922546387e-01
-2.070183038711547852e+00,-7.942906022071838379e-01
9.983525872230529785e-01,1.383037805557250977e+00
-2.767412550747394562e-02,-7.164333015680313110e-02
-1.002638220787048340e+00,-3.441765308380126953e-01
-2.366060972213745117e+00,-2.108299255371093750e+00
5.879418849945068359e-01,9.435340762138366699e-01
-5.621625781059265137e-01,-6.708451509475708008e-01
-2.996906042098999023e-01,-3.904131948947906494e-01
6.642974019050598145e-01,8.446249365806579590e-02
8.599582910537719727e-01,4.860178232192993164e-01
-9.439400434494018555e-01,-7.653784155845642090e-01
1.981429457664489746e+00,2.278078317642211914e+00
-8.207744359970092773e-02,-6.078593432903289795e-03
-2.323111057281494141e+00,-1.616178393363952637e+00
-2.445279598236083984e+00,-1.685688018798828125e+00
-1.044156432151794434e+00,-9.826045632362365723e-01
-1.478916127234697342e-02,5.923280119895935059e-01
6.261196136474609375e-01,6.069535017013549805e-01
-2.042462378740310669e-01,2.405718266963958740e-01
4.018253982067108154e-01,-5.374622344970703125e-01
1.637829661369323730e+00,9.372243285179138184e-01
3.493310511112213135e-01,1.313492953777313232e-01
7.406528592109680176e-01,4.605401456356048584e-01
-8.914455771446228027e-01,-3.299698829650878906e-01
-2.362720489501953125e+00,-1.379620075225830078e+00
1.260824561119079590e+00,5.549436807632446289e-01
8.456416726112365723e-01,1.108595132827758789e+00
1.389674425125122070e+00,1.371377944946289062e+00
-1.660685241222381592e-01,-7.621924281120300293e-01
1.590107560157775879e+00,1.325803756713867188e+00
5.211308002471923828e-01,7.603204250335693359e-01
-1.249361872673034668e+00,-1.067998886108398438e+00
3.063810169696807861e-01,5.467887520790100098e-01
1.833490610122680664e+00,1.807625293731689453e+00
-7.893200516700744629e-01,-4.480228424072265625e-01
5.306752324104309082e-01,5.650074481964111328e-01
-4.013387560844421387e-01,-1.171141713857650757e-01
-8.628123402595520020e-01,-3.124555945396423340e-01
1.256052374839782715e+00,5.971250534057617188e-01
1.158699035644531250e+00,5.775504112243652344e-01
9.840359687805175781e-01,1.011005401611328125e+00
-8.494079858064651489e-02,-3.170640170574188232e-01
9.591530542820692062e-04,-3.126918077468872070e-01
-1.984283566474914551e+00,-1.678021550178527832e+00
-7.764350771903991699e-01,-1.232860326766967773e+00
-8.365649580955505371e-01,-1.258662939071655273e-01
-1.335748564451932907e-02,-2.661335766315460205e-01
-8.723567128181457520e-01,-3.369717299938201904e-02
1.265596747398376465e+00,-4.733722656965255737e-03
-8.069773316383361816e-01,-6.549047827720642090e-01
6.738418340682983398e-01,-3.252056539058685303e-01
2.109367549419403076e-01,4.964011907577514648e-01
3.111532330513000488e-01,1.048790514469146729e-01
-1.475564956665039062e+00,-7.325099110603332520e-01
-1.488885432481765747e-01,1.004528522491455078e+00
2.328889518976211548e-01,-2.142348289489746094e-01
5.927141308784484863e-01,-3.158087432384490967e-01
1.375357747077941895e+00,2.052903413772583008e+00
1.107201650738716125e-01,-7.975977659225463867e-01
1.364900916814804077e-01,7.381820678710937500e-01
1.536700874567031860e-01,-1.293152123689651489e-01
1.102386951446533203e+00,4.197472929954528809e-01
-5.955681800842285156e-01,-6.288979649543762207e-01
-4.046794176101684570e-01,-1.424207687377929688e-01
1.966200023889541626e-01,5.013698935508728027e-01
8.456416726112365723e-01,9.186318516731262207e-01
1.637829661369323730e+00,1.098526120185852051e+00
-4.175643622875213623e-01,-6.173138618469238281e-01
1.437396645545959473e+00,1.525788307189941406e+00
1.107201650738716125e-01,-3.537553548812866211e-01
1.265596747398376465e+00,1.598132371902465820e+00
2.968365848064422607e-01,4.696954488754272461e-01
1.775311529636383057e-01,5.862394571304321289e-01
3.636476695537567139e-01,5.908166170120239258e-01
-9.845036864280700684e-01,-7.325092554092407227e-01
-5.573902130126953125e-01,-1.967053860425949097e-01
3.350144028663635254e-01,7.955898046493530273e-01
1.628285288810729980e+00,9.166341423988342285e-01
9.601748585700988770e-01,1.407090187072753906e+00
1.246507883071899414e+00,9.493602514266967773e-01
-1.979511141777038574e+00,-1.207534074783325195e+00
-5.192125439643859863e-01,-7.623990774154663086e-01
-8.337016105651855469e-01,-1.296906113624572754e+00
1.733274102210998535e+00,1.752474904060363770e+00
-2.369401454925537109e+00,-1.849065780639648438e+00
1.136746883392333984e+00,1.045008301734924316e+00
-9.057621359825134277e-01,-8.816028237342834473e-01
1.112885832786560059e+00,1.443534374237060547e+00
6.299792230129241943e-02,1.264245510101318359e-01
3.254699707031250000e-01,4.221960306167602539e-01
-1.640683650970458984e+00,-6.539364457130432129e-01
1.609196424484252930e+00,6.538385748863220215e-01
-2.949183881282806396e-01,-3.087267875671386719e-01
-8.150901794433593750e-01,-4.243985116481781006e-01
1.594879746437072754e+00,-4.734959453344345093e-03
-1.573872566223144531e+00,-8.190261125564575195e-01
1.107201650738716125e-01,-1.933244317770004272e-01
6.666834950447082520e-01,6.341639161109924316e-01
2.176178246736526489e-01,3.892134130001068115e-01
8.170083165168762207e-01,5.422242879867553711e-01
-1.573872566223144531e+00,-3.158096969127655029e-01
1.706072449684143066e+00,3.404836058616638184e-01
-2.996906042098999023e-01,3.188520669937133789e-03
-1.650228261947631836e+00,-1.173695683479309082e+00
-1.779078125953674316e+00,-9.554925560951232910e-01
-1.153917431831359863e+00,-8.929611444473266602e-01
5.731366109102964401e-03,1.207233071327209473e-01
-1.469795703887939453e-01,-2.041697502136230469e-01
1.284685730934143066e+00,5.859715938568115234e-01
3.412182927131652832e-01,-6.414052844047546387e-02
-2.185628712177276611e-01,-4.740390926599502563e-03
5.545364022254943848e-01,2.385742664337158203e-01
-3.808182179927825928e-01,-5.400993824005126953e-01
8.742749094963073730e-01,1.156613230705261230e+00
-1.149145364761352539e+00,-7.399411201477050781e-01
-6.766956448554992676e-01,-6.425700187683105469e-01
1.122430205345153809e+00,1.013132572174072266e+00
-4.524015486240386963e-01,-1.794197708368301392e-01
9.601748585700988770e-01,7.947453260421752930e-01
-1.352441906929016113e+00,-1.306739449501037598e+00
1.298090219497680664e-01,6.072861552238464355e-01
-2.996948003768920898e+00,-7.633078694343566895e-01
1.071367621421813965e+00,8.501959443092346191e-01
-4.161326885223388672e-01,-2.250892817974090576e-01
-1.053701043128967285e+00,-1.441914319992065430e+00
4.018253982067108154e-01,4.178367257118225098e-01
-6.585614085197448730e-01,-3.557049036026000977e-01
-7.912290096282958984e-01,-5.876864194869995117e-01
-5.430737137794494629e-01,-5.509230121970176697e-02
-2.328795194625854492e-01,-1.053519397974014282e-01
-8.016858249902725220e-02,4.168836772441864014e-01
1.122430205345153809e+00,3.121321275830268860e-02
2.252533882856369019e-01,1.036751627922058105e+00
5.783974528312683105e-01,1.304956823587417603e-01
1.194013595581054688e+00,1.244122624397277832e+00
4.734086990356445312e-01,5.276942849159240723e-01
5.068141818046569824e-01,-3.170672357082366943e-01
1.485118746757507324e+00,2.077649593353271484e+00
2.013922184705734253e-01,3.171161711215972900e-01
-7.244180440902709961e-01,-1.071542978286743164e+00
3.813048601150512695e-01,5.465415120124816895e-01
-1.899295896291732788e-01,-3.552820384502410889e-01
7.883750200271606445e-01,1.457676053047180176e+00
7.616506218910217285e-01,4.425160288810729980e-01
-1.449795126914978027e+00,-1.472458600997924805e+00
9.267693161964416504e-01,1.231039166450500488e+00
2.682033181190490723e-01,3.300057053565979004e-01
4.161420166492462158e-01,1.503533422946929932e-01
8.360972404479980469e-01,1.457676053047180176e+00
2.825199365615844727e-01,3.856974542140960693e-01
1.154923811554908752e-01,5.049000978469848633e-01
-8.971300721168518066e-02,-5.890042781829833984e-01
-7.960010766983032227e-01,-4.743498265743255615e-01
4.734086990356445312e-01,-4.740390926599502563e-03
3.159254491329193115e-01,-3.158096969127655029e-01
-7.482789754867553711e-01,-5.796861052513122559e-01
3.016088008880615234e-01,7.384682297706604004e-01
1.270368933677673340e+00,1.471235275268554688e+00
-1.753307938575744629e+00,-1.554806590080261230e+00
1.676007509231567383e+00,1.864311814308166504e+00
-2.017688989639282227e+00,-1.098675489425659180e+00
-2.056779116392135620e-01,-1.178477555513381958e-01
6.404362916946411133e-01,5.516598820686340332e-01
3.397866189479827881e-01,5.129134654998779297e-01
-2.156995236873626709e-01,3.140066564083099365e-01
1.308546781539916992e+00,8.415675163269042969e-01
-3.760460317134857178e-01,-3.170672357082366943e-01
-2.634217739105224609e-01,-6.128295063972473145e-01
-2.309706509113311768e-01,7.480181753635406494e-03
5.402197241783142090e-01,6.439887881278991699e-01
-1.565241068601608276e-01,-2.008607983589172363e-01
-2.710572183132171631e-01,4.662340283393859863e-01
1.718045622110366821e-01,3.957193493843078613e-01
2.443422377109527588e-01,-3.252104222774505615e-01
7.549694776535034180e-01,9.470952749252319336e-01
9.163131564855575562e-02,5.910307541489601135e-02
9.506304264068603516e-01,1.197524905204772949e+00
1.031758069992065430e+00,1.152957677841186523e+00
-2.265844345092773438e+00,-2.127376079559326172e+00
8.170083165168762207e-01,7.823736071586608887e-01
-4.189960360527038574e-01,4.973849356174468994e-01
3.159254491329193115e-01,3.156195282936096191e-01
7.311084270477294922e-01,9.893605709075927734e-01
5.259030461311340332e-01,4.128410816192626953e-01
-5.001236796379089355e-01,-1.637403815984725952e-01
-1.526150465011596680e+00,-1.151649832725524902e+00
9.744915366172790527e-01,4.525196850299835205e-01
1.412581086158752441e+00,1.268254041671752930e+00
8.981360793113708496e-01,7.712442874908447266e-01
1.234100103378295898e+00,9.433542490005493164e-01
-1.416389465332031250e+00,-3.915105760097503662e-01
-2.323111057281494141e+00,-2.075744867324829102e+00
-1.069449424743652344e+00,-8.470046520233154297e-01
3.397866189479827881e-01,1.200343072414398193e-01
1.050846934318542480e+00,3.006219565868377686e-01
-2.767412550747394562e-02,-2.333688139915466309e-01
-4.910564422607421875e-01,-7.620018720626831055e-01
3.813048601150512695e-01,2.695778608322143555e-01
-1.517517715692520142e-01,-2.477492839097976685e-01
-2.084500074386596680e+00,-2.577216863632202148e+00
-1.824891328811645508e+00,-1.054930329322814941e+00
-1.044156432151794434e+00,-1.247318863868713379e+00
-1.519946575164794922e+00,2.149121463298797607e-01
-2.847100257873535156e+00,-1.306968688964843750e+00
5.449919700622558594e-01,4.778577983379364014e-01
5.306752324104309082e-01,3.832975625991821289e-01
5.727133527398109436e-02,6.841018199920654297e-01
1.017441391944885254e+00,8.123791217803955078e-01
3.407409787178039551e-01,-3.287721276283264160e-01
2.491144537925720215e-01,2.941965460777282715e-01
-1.612963229417800903e-01,6.665419340133666992e-01
8.217805027961730957e-01,8.005371093750000000e-01
3.350144028663635254e-01,2.941969633102416992e-01
5.306752324104309082e-01,9.551002085208892822e-02
-4.199087619781494141e-02,1.906749904155731201e-01
9.363137483596801758e-01,5.834696292877197266e-01
-4.619459509849548340e-01,-5.229709744453430176e-01
-6.432902812957763672e-01,-3.768791258335113525e-01
4.018253982067108154e-01,3.603072464466094971e-01
1.609196424484252930e+00,1.226981759071350098e+00
-2.003372430801391602e+00,-1.317331790924072266e+00
-1.373916864395141602e+00,-1.706088893115520477e-02
1.823033690452575684e-01,1.508515328168869019e-01
6.070307493209838867e-01,6.755461692810058594e-01
7.731456309556961060e-02,1.688851565122604370e-01
-8.771288394927978516e-01,-1.844229251146316528e-01
-6.107972934842109680e-02,3.967553079128265381e-01
5.354475378990173340e-01,8.842896223068237305e-01
7.931472659111022949e-01,5.620310306549072266e-01
-5.048959851264953613e-01,-1.509305983781814575e-01
6.299792230129241943e-02,2.848576605319976807e-01
1.408763408660888672e+00,1.089205622673034668e+00
1.155835866928100586e+00,1.468449234962463379e+00
9.864221215248107910e-01,9.653830528259277344e-01
-2.042462378740310669e-01,-2.556716203689575195e-01
7.311084270477294922e-01,7.539807558059692383e-01
5.259030461311340332e-01,8.292504549026489258e-01
1.794400066137313843e-01,2.867342233657836914e-01
1.990973949432373047e+00,2.043020248413085938e+00
1.202645897865295410e-01,-1.004868969321250916e-01
1.351496696472167969e+00,1.235124230384826660e+00
5.736252069473266602e-01,1.079049110412597656e+00
1.089024782180786133e+00,1.559579968452453613e+00
-6.432902812957763672e-01,-5.312822461128234863e-01
-7.530512809753417969e-01,-1.349823355674743652e+00
-5.526181459426879883e-01,-4.262031018733978271e-01
1.714185237884521484e+00,9.214659929275512695e-01
8.742749094963073730e-01,6.390625238418579102e-01
1.065163731575012207e+00,1.492391467094421387e+00
-2.534000277519226074e-01,6.464444398880004883e-01
-5.511863231658935547e-01,-3.112856149673461914e-01
-1.065154194831848145e+00,-5.557043552398681641e-01
9.640352427959442139e-02,8.842895030975341797e-01
-7.759578824043273926e-01,-1.043234825134277344e+00
1.370585560798645020e+00,1.372150778770446777e+00
5.918019637465476990e-02,-1.158333420753479004e-01
5.960546731948852539e-01,8.996198177337646484e-01
9.974406659603118896e-02,5.955345630645751953e-01
-5.096681118011474609e-01,-4.830313026905059814e-01
-1.545239329338073730e+00,-1.536190032958984375e+00
-8.341790437698364258e-01,-3.219841420650482178e-02
-5.287569761276245117e-01,2.787980735301971436e-01
5.273346900939941406e-01,6.044790744781494141e-01
3.350144028663635254e-01,1.998047381639480591e-01
-3.235516846179962158e-01,-8.409320563077926636e-02
-8.055455088615417480e-01,-5.711721181869506836e-01
1.202645897865295410e-01,-3.158141374588012695e-01
7.645139098167419434e-01,4.589650928974151611e-01
3.679427206516265869e-01,-1.012346968054771423e-01
-7.673678398132324219e-01,2.104564756155014038e-01
4.209142327308654785e-01,2.726816833019256592e-01
8.408694267272949219e-01,1.079997062683105469e+00
-9.534844756126403809e-01,1.297425478696823120e-01
-1.320945262908935547e+00,-6.266784667968750000e-01
-7.101012468338012695e-01,-1.240848183631896973e+00
-1.366281151771545410e+00,-3.889656364917755127e-01
7.606961727142333984e-01,9.252158403396606445e-01
-4.676309227943420410e-02,1.669943928718566895e-01
-2.199033260345458984e+00,-2.193511247634887695e+00
6.299792230129241943e-02,5.135741233825683594e-01
1.413535594940185547e+00,1.418768405914306641e+00
5.163586139678955078e-01,9.141795635223388672e-01
-5.907958149909973145e-01,-6.949341297149658203e-01
6.251652240753173828e-01,5.304528474807739258e-01
4.390906915068626404e-02,2.270299494266510010e-01
2.825199365615844727e-01,7.572377920150756836e-01
-3.951349854469299316e-01,-1.967384070158004761e-01
-1.183462888002395630e-01,-2.185980081558227539e-01
1.775311529636383057e-01,-2.106072455644607544e-01
9.410859942436218262e-01,5.334184169769287109e-01
-1.803851723670959473e-01,1.875440403819084167e-02
-1.064199805259704590e+00,-4.770804643630981445e-01
-1.261769652366638184e+00,-1.424175620079040527e+00
2.252533882856369019e-01,6.398284435272216797e-01
-4.189960360527038574e-01,-1.182621240615844727e+00
-2.552177190780639648e+00,1.092945337295532227e-01
-1.558124303817749023e+00,-1.731084227561950684e+00
1.775311529636383057e-01,-1.591982245445251465e-01
1.265596747398376465e+00,6.725921630859375000e-01
-2.891916930675506592e-01,-4.316905438899993896e-01
5.211308002471923828e-01,1.806206107139587402e-01
1.528068780899047852e+00,1.366547346115112305e+00
1.345812380313873291e-01,7.008886337280273438e-02
1.375357747077941895e+00,6.009708642959594727e-01
-2.208577394485473633e+00,-2.304181575775146484e+00
-1.411617398262023926e+00,6.339991837739944458e-02
-2.380377531051635742e+00,-1.265326857566833496e+00
-2.017688989639282227e+00,-1.360528588294982910e+00
-2.233350872993469238e-01,-5.595077276229858398e-01
-2.553132057189941406e+00,-2.004432678222656250e+00
-6.170429587364196777e-01,-5.439416170120239258e-01
8.790471553802490234e-01,6.885977983474731445e-01
-1.947018057107925415e-01,-2.606245130300521851e-02
-3.760460317134857178e-01,-1.173272967338562012e+00
-8.962177038192749023e-01,-3.664612472057342529e-01
-7.864567041397094727e-01,-2.961058318614959717e-01
-9.678009748458862305e-01,-5.578273534774780273e-01
4.638642668724060059e-01,2.720949947834014893e-01
-2.744974851608276367e+00,-1.495174050331115723e+00
-5.669346451759338379e-01,-7.626165151596069336e-01
-8.680616021156311035e-01,-2.139125615358352661e-01
-1.947018057107925415e-01,2.623792290687561035e-01
3.541032671928405762e-01,-4.344456642866134644e-02
6.833862662315368652e-01,-3.729201853275299072e-01
4.590920507907867432e-01,3.415445089340209961e-01
-2.003867551684379578e-02,1.018290638923645020e+00
8.704571723937988281e-01,4.479636847972869873e-01
-2.089272022247314453e+00,-2.023215055465698242e+00
8.885915875434875488e-01,7.856104373931884766e-01
1.466029882431030273e+00,9.762501716613769531e-01
-2.104501277208328247e-01,-5.150390863418579102e-01
6.786140203475952148e-01,9.602977037429809570e-01
-5.192125439643859863e-01,-9.545855522155761719e-01
3.875087499618530273e-01,6.214368343353271484e-01
9.029082655906677246e-01,4.530366063117980957e-01
-1.553352236747741699e+00,-1.528144121170043945e+00
2.204811722040176392e-01,6.439177691936492920e-02
5.974863767623901367e-01,5.498394966125488281e-01
-5.239848494529724121e-01,-1.042132019996643066e+00
1.050846934318542480e+00,1.066092729568481445e+00
1.528068780899047852e+00,1.637803316116333008e+00
-1.817255854606628418e+00,-2.179229974746704102e+00
5.731366109102964401e-03,-6.283973455429077148e-01
5.111092329025268555e-01,-4.566569328308105469e-01
-4.743537306785583496e-01,-1.531108021736145020e-01
1.145795360207557678e-02,3.114816248416900635e-01
-8.637666702270507812e-01,-9.992591142654418945e-01
1.138178586959838867e+00,1.285774588584899902e+00
-5.764793157577514648e-01,5.881857126951217651e-03
2.300256043672561646e-01,9.551154077053070068e-02
1.775311529636383057e-01,-2.138457596302032471e-01
6.929306387901306152e-01,1.214357495307922363e+00
4.781809151172637939e-01,9.692742824554443359e-01
-2.567405700683593750e-01,-9.008313417434692383e-01
1.322863459587097168e+00,1.341285705566406250e+00
-6.003402471542358398e-01,-5.912754535675048828e-01
3.445588350296020508e-01,2.437331974506378174e-01
7.549694776535034180e-01,1.091740131378173828e+00
3.354915976524353027e-01,4.213430285453796387e-01
3.493310511112213135e-01,2.605229020118713379e-01
-1.979511141777038574e+00,-1.693284988403320312e+00
-6.485396027565002441e-01,-2.460636198520660400e-01
-1.473656058311462402e+00,-1.535816073417663574e+00
-8.923581987619400024e-02,-4.325501248240470886e-02
3.717604279518127441e-01,6.623181104660034180e-01
1.790540695190429688e+00,1.883407711982727051e+00
-4.858071506023406982e-01,5.085188895463943481e-02
-2.914865732192993164e+00,-2.075151443481445312e+00
-9.296233057975769043e-01,-1.209929585456848145e+00
1.809629559516906738e+00,1.600580692291259766e+00
8.170083165168762207e-01,2.882773578166961670e-01
9.267693161964416504e-01,6.235549449920654297e-01
2.080734074115753174e-01,4.314094185829162598e-01
1.060391426086425781e+00,-2.764279246330261230e-01
-3.474127352237701416e-01,-4.654902815818786621e-01
-3.244633972644805908e-02,3.865936994552612305e-01
-2.567405700683593750e-01,-2.183893918991088867e-01
8.074638843536376953e-01,9.053310155868530273e-01
1.460780501365661621e+00,1.503476858139038086e+00
-1.222160220146179199e+00,-4.231906533241271973e-01
4.285497963428497314e-01,-2.671009600162506104e-01
-7.539636641740798950e-02,-8.247952461242675781e-01
-2.809876918792724609e+00,-2.645584344863891602e+00
-1.545716524124145508e+00,-1.781936883926391602e+00
-7.244180440902709961e-01,-1.549187302589416504e-01
1.318091154098510742e+00,1.277155876159667969e+00
-5.430737137794494629e-01,-1.650593429803848267e-01
1.642601966857910156e+00,1.492323994636535645e+00
8.360972404479980469e-01,1.064610004425048828e+00
-1.678861498832702637e+00,-1.126872301101684570e+00
-3.617293834686279297e-01,-4.834101796150207520e-01
-1.502289295196533203e+00,-2.659239172935485840e-01
-1.020295500755310059e+00,-4.516063630580902100e-01
-2.328795194625854492e-01,-1.933678537607192993e-01
-1.235045194625854492e+00,-1.272460579872131348e+00
1.054706498980522156e-01,1.509179323911666870e-01
3.206976652145385742e-01,1.018445014953613281e+00
-1.088018566370010376e-01,-1.056908488273620605e+00
3.341015428304672241e-02,2.888035178184509277e-01
-1.040296480059623718e-01,2.808111011981964111e-01
-1.469795703887939453e-01,6.571775674819946289e-02
2.247760891914367676e-01,4.028881788253784180e-01
-3.550482988357543945e-01,-1.003952994942665100e-01
1.507071018218994141e+00,4.608517289161682129e-01
4.877253472805023193e-01,-1.890947520732879639e-01
1.170152425765991211e+00,3.502368927001953125e-01
4.781809151172637939e-01,7.469665408134460449e-01
-1.335748564451932907e-02,-3.930424153804779053e-01
-1.688405990600585938e+00,-1.265666961669921875e+00
1.282776713371276855e+00,6.849707961082458496e-01
1.084252476692199707e+00,1.219061017036437988e+00
-1.010751008987426758e+00,3.665440976619720459e-01
7.731456309556961060e-02,4.750635921955108643e-01
5.831696391105651855e-01,3.474708795547485352e-01
-4.810348153114318848e-01,-5.837214589118957520e-01
3.321510553359985352e-01,4.963487088680267334e-01
-2.628533124923706055e+00,-1.897768497467041016e+00
1.536700874567031860e-01,-1.712885051965713501e-01
1.862124085426330566e+00,1.843367218971252441e+00
-8.723567128181457520e-01,-6.422041654586791992e-01
4.256864488124847412e-01,2.966308593750000000e-01
-1.135740727186203003e-01,2.009205073118209839e-01
1.170152425765991211e+00,1.169007420539855957e+00
2.004800550639629364e-02,-8.881490230560302734e-01
5.068141818046569824e-01,4.310964643955230713e-01
-1.106195330619812012e+00,-7.114834189414978027e-01
5.497641563415527344e-01,4.901619255542755127e-01
-6.107972934842109680e-02,3.983990475535392761e-02
1.160607933998107910e+00,5.964917540550231934e-01
-1.053223609924316406e+00,-1.571357846260070801e-01
-1.020295500755310059e+00,1.174198687076568604e-01
8.360972404479980469e-01,-2.065142840147018433e-01
1.943251729011535645e+00,1.761376500129699707e+00
-1.569100499153137207e+00,-1.245236158370971680e+00
8.265527486801147461e-01,5.240818262100219727e-01
7.120195627212524414e-01,2.428678274154663086e-01
2.820427715778350830e-01,2.684883773326873779e-01
-6.814680099487304688e-01,-6.297523975372314453e-01
-3.350049555301666260e-01,-3.565164804458618164e-01
1.752363085746765137e+00,1.269132971763610840e+00
-5.349608063697814941e-01,-4.955772161483764648e-01
-2.036777734756469727e+00,-1.580721139907836914e-01
-7.053291797637939453e-01,-8.881490230560302734e-01
1.775311529636383057e-01,9.765445590019226074e-01
-1.182550907135009766e+00,-1.305379748344421387e+00
1.967112779617309570e+00,1.575047612190246582e+00
1.036530375480651855e+00,8.908010125160217285e-01
1.819174051284790039e+00,1.387142300605773926e+00
5.974863767623901367e-01,-5.213364362716674805e-01
-4.294948577880859375e-01,-4.408268928527832031e-01
-3.578699007630348206e-02,3.475214168429374695e-02
-4.524015486240386963e-01,5.734212398529052734e-01
9.792637228965759277e-01,5.767964720726013184e-01
9.506304264068603516e-01,7.737223505973815918e-01
-3.378683030605316162e-01,-4.720897376537322998e-01
-6.242014169692993164e-01,3.296537697315216064e-01
5.211308002471923828e-01,4.686163961887359619e-01
1.265596747398376465e+00,4.450485110282897949e-01
1.399218916893005371e+00,1.561023354530334473e+00
9.172248840332031250e-01,6.583638787269592285e-01
4.113698005676269531e-01,2.151117622852325439e-01
6.213474273681640625e-01,1.008388280868530273e+00
1.222646832466125488e+00,1.298542976379394531e+00
1.880300641059875488e-01,5.115219354629516602e-01
4.113698005676269531e-01,6.543207168579101562e-01
-3.092350363731384277e-01,-9.836213588714599609e-01
-7.912290096282958984e-01,-9.290412664413452148e-01
-4.027704298496246338e-01,1.509230732917785645e-01
4.447754323482513428e-01,-1.740304380655288696e-02
3.970531821250915527e-01,4.274127483367919922e-01
-1.665457189083099365e-01,6.240466833114624023e-01
-1.710835337638854980e+00,-5.318648219108581543e-01
1.260824561119079590e+00,1.595907092094421387e+00
6.118029952049255371e-01,1.022961139678955078e+00
-6.022492051124572754e-01,-1.262611448764801025e-01
-2.662850022315979004e-01,-9.975185990333557129e-02
4.686364829540252686e-01,-1.062021553516387939e-01
-1.063245534896850586e+00,-1.188789367675781250e+00
-8.341790437698364258e-01,-3.295211493968963623e-01
-4.667182862758636475e-01,-1.934140734374523163e-02
3.092443645000457764e-01,-2.113539129495620728e-01
3.436464443802833557e-02,3.488158583641052246e-01
-1.812969893217086792e-02,3.983954712748527527e-02
2.095962524414062500e+00,1.441159605979919434e+00
1.823033690452575684e-01,1.203520447015762329e-01
-7.244180440902709961e-01,-1.104190230369567871e+00
-4.180415570735931396e-01,-4.652748405933380127e-01
-8.007734417915344238e-01,-1.396881937980651855e-01
-2.281073033809661865e-01,-2.804479002952575684e-01
-7.015112042427062988e-01,-3.367842435836791992e-01
2.524549961090087891e-01,5.527519583702087402e-01
1.451713323593139648e+00,1.187976002693176270e+00
-1.330489635467529297e+00,-2.065142840147018433e-01
-2.548317015171051025e-01,1.476009488105773926e-01
-5.860237479209899902e-01,1.478271186351776123e-01
-1.888839125633239746e+00,-1.256856083869934082e+00
1.456485509872436523e+00,1.187976002693176270e+00
3.159254491329193115e-01,1.225894987583160400e-01
-1.149145364761352539e+00,-5.448709130287170410e-01
2.300256043672561646e-01,-1.597605459392070770e-02
-1.874522328376770020e+00,-6.117069721221923828e-01
5.345349758863449097e-02,4.644045531749725342e-01
2.252533882856369019e-01,4.644046723842620850e-01
-4.676309227943420410e-02,1.827521026134490967e-01
5.502413511276245117e-01,3.075334131717681885e-01
6.833862662315368652e-01,-1.069494366645812988e+00
3.302421867847442627e-01,-2.099289000034332275e-01
-2.275388717651367188e+00,-2.082224607467651367e+00
6.929306387901306152e-01,5.500147342681884766e-01
5.736252069473266602e-01,4.749157130718231201e-01
-1.565241068601608276e-01,8.361716866493225098e-01
1.122430205345153809e+00,8.028048872947692871e-01
-3.244633972644805908e-02,-4.669906795024871826e-01
-5.239848494529724121e-01,-8.466233015060424805e-01
-6.576068401336669922e-01,-2.846246063709259033e-01
5.564452409744262695e-01,7.009624838829040527e-01
-3.808182179927825928e-01,-5.814265608787536621e-01
2.004800550639629364e-02,-4.919876158237457275e-01
1.704640746116638184e+00,1.793897867202758789e+00
-4.046794176101684570e-01,2.724429070949554443e-01
-2.853739559650421143e-01,7.347482442855834961e-01
2.004800550639629364e-02,-2.065142840147018433e-01
8.408694267272949219e-01,4.816776812076568604e-01
-4.199087619781494141e-02,-6.471253931522369385e-02
1.050846934318542480e+00,3.956317305564880371e-01
9.888081550598144531e-01,1.158540487289428711e+00
8.074638843536376953e-01,7.939983904361724854e-02
-9.925743192434310913e-02,-5.117905139923095703e-01
-2.920550405979156494e-01,1.629628092050552368e-01
-4.986920952796936035e-01,1.856085360050201416e-01
6.061187386512756348e-02,-2.685096114873886108e-03
-3.808182179927825928e-01,-2.409089356660842896e-03
7.311084270477294922e-01,2.454642057418823242e-01
-1.040815830230712891e+00,-9.345084428787231445e-01
1.022213697433471680e+00,9.776157736778259277e-01
-7.540056705474853516e-01,2.481447756290435791e-01
-2.323111057281494141e+00,-2.266855001449584961e+00
-1.812969893217086792e-02,1.136219128966331482e-02
1.222646832466125488e+00,1.172963976860046387e+00
4.590920507907867432e-01,3.104630112648010254e-01
2.204811722040176392e-01,7.939797639846801758e-02
-5.096681118011474609e-01,-4.523763060569763184e-01
-2.319251447916030884e-01,-2.034027278423309326e-01
-1.040296480059623718e-01,-5.814238190650939941e-01
8.551861047744750977e-01,9.583321809768676758e-01
6.213474273681640625e-01,2.023348510265350342e-01
-1.409231185913085938e+00,-2.468059360980987549e-01
-1.678861498832702637e+00,-1.130414962768554688e+00
-2.758295536041259766e-01,-2.065119445323944092e-01
1.074708104133605957e+00,1.098756670951843262e+00
5.402197241783142090e-01,5.791466832160949707e-01
5.607402920722961426e-01,-1.703381985425949097e-01
-7.196456789970397949e-01,-9.690715372562408447e-02
1.690324187278747559e+00,9.591591358184814453e-01
1.318091154098510742e+00,2.464002370834350586e-01
1.504207611083984375e+00,1.728322863578796387e+00
2.395700365304946899e-01,2.519797384738922119e-01
-1.565241068601608276e-01,-2.601239830255508423e-03
-7.062415778636932373e-02,-1.228958815336227417e-01
7.311084270477294922e-01,6.498196721076965332e-01
5.402197241783142090e-01,-2.639337480068206787e-01
-5.860237479209899902e-01,1.643287837505340576e-01
8.408694267272949219e-01,4.777542650699615479e-01
3.397866189479827881e-01,3.995862007141113281e-01
2.190494984388351440e-01,5.084024071693420410e-01
1.103341341018676758e+00,1.324418425559997559e+00
8.304126560688018799e-02,1.527307927608489990e-01
-1.445022702217102051e+00,-1.145150661468505859e+00
-7.148736119270324707e-01,-2.168518453836441040e-01
-1.478916127234697342e-02,3.841910660266876221e-01
8.599582910537719727e-01,8.803238868713378906e-01
1.117658019065856934e+00,9.236378669738769531e-01
9.926260113716125488e-01,4.740277230739593506e-01
-2.016734600067138672e+00,-1.582877039909362793e+00
5.202182009816169739e-02,5.127217769622802734e-01
6.452084779739379883e-01,6.952556371688842773e-01
-1.244589567184448242e+00,-2.640932500362396240e-01
-2.137906551361083984e-01,1.253640651702880859e-01
-6.107972934842109680e-02,1.789855211973190308e-01
-1.120512008666992188e+00,-1.446611434221267700e-01
-5.526181459426879883e-01,-3.609576523303985596e-01
9.129298925399780273e-01,9.544089436531066895e-01
1.966200023889541626e-01,7.939797639846801758e-02
9.506304264068603516e-01,2.023348510265350342e-01
-6.107972934842109680e-02,-1.393365412950515747e-01
-7.339624762535095215e-01,6.481146216392517090e-01
7.463794946670532227e-01,8.415902256965637207e-01
1.340043425559997559e+00,1.659595370292663574e+00
-1.196867465972900391e+00,-9.153788685798645020e-01
7.836028337478637695e-01,1.205287098884582520e+00
1.122430205345153809e+00,1.072900176048278809e+00
9.315415620803833008e-01,1.086649775505065918e+00
-2.700116157531738281e+00,-2.166070938110351562e+00
1.050846934318542480e+00,3.502400517463684082e-01
3.016088008880615234e-01,8.073184490203857422e-01
-9.439400434494018555e-01,-6.548574566841125488e-01
-2.567405700683593750e-01,-9.162205457687377930e-01
3.445588350296020508e-01,2.290317416191101074e-01
-3.426405191421508789e-01,-6.441767811775207520e-01
-1.831572294235229492e+00,-1.595742821693420410e+00
-5.888868570327758789e-01,-8.289681375026702881e-02
-1.550488829612731934e+00,-1.066232919692993164e+00
-1.039384365081787109e+00,6.950000524520874023e-01
4.495476186275482178e-01,7.076355218887329102e-01
5.211308002471923828e-01,8.651628494262695312e-01
1.794400066137313843e-01,2.155500948429107666e-01
-6.528347134590148926e-01,5.024024471640586853e-02
1.155835866928100586e+00,1.516752243041992188e+00
-4.524015486240386963e-01,-7.632192969322204590e-01
7.377895116806030273e-01,6.755319833755493164e-01
-1.702722430229187012e+00,-9.866681098937988281e-01
2.205723524093627930e+00,2.256328105926513672e+00
3.302421867847442627e-01,9.009490609169006348e-01
1.365813374519348145e+00,1.348114252090454102e+00
-9.964342713356018066e-01,-4.671390652656555176e-01
-6.647652983665466309e-01,-1.166940331459045410e+00
2.002427101135253906e+00,9.397307634353637695e-01
1.679867208003997803e-01,3.106976747512817383e-01
5.068141818046569824e-01,4.304239451885223389e-01
1.160607933998107910e+00,1.383910179138183594e+00
6.375729441642761230e-01,-1.835883855819702148e-01
3.483765423297882080e-01,5.260990858078002930e-01
-6.194291114807128906e-01,-7.580556273460388184e-01
1.170152425765991211e+00,1.333984017372131348e+00
1.966200023889541626e-01,9.455599784851074219e-01
1.456485509872436523e+00,8.908049464225769043e-01
5.020419955253601074e-01,6.725284457206726074e-01
-1.884066820144653320e+00,-2.065119445323944092e-01
-8.723567128181457520e-01,-3.429097235202789307e-01
3.684198856353759766e-01,4.304241836071014404e-01
-1.860699988901615143e-02,-5.484334230422973633e-01
9.591530542820692062e-04,2.194583266973495483e-01
-1.215956330299377441e+00,-1.078484177589416504e+00
-7.387345433235168457e-01,-2.997495830059051514e-01
1.623513102531433105e+00,1.699671268463134766e+00
8.647304773330688477e-01,9.063977003097534180e-01
1.260824561119079590e+00,4.654696583747863770e-01
-6.576068401336669922e-01,-1.042275905609130859e+00
2.443422377109527588e-01,5.469074845314025879e-01
-1.592961430549621582e+00,-1.385406494140625000e+00
5.068141818046569824e-01,2.783730328083038330e-01
6.022585630416870117e-01,6.629185676574707031e-01
-7.053291797637939453e-01,-3.374283015727996826e-01
-9.081482887268066406e-01,-3.063228130340576172e-01
-6.576068401336669922e-01,-3.408574163913726807e-01
3.159254491329193115e-01,1.653901040554046631e-01
1.752363085746765137e+00,1.542685389518737793e+00
-1.040296480059623718e-01,-7.419621944427490234e-01
3.350144028663635254e-01,5.365224480628967285e-01
8.170083165168762207e-01,2.942829728126525879e-01
-1.153917431831359863e+00,2.775695323944091797e-01
-1.326629221439361572e-01,-3.257699310779571533e-02
-5.478457808494567871e-01,-4.978316724300384521e-01
1.797698974609375000e+00,6.831422448158264160e-01
5.402197241783142090e-01,1.144639372825622559e+00
1.341952204704284668e+00,1.403778553009033203e+00
-2.996906042098999023e-01,-3.344191312789916992e-01
2.863377928733825684e-01,2.395334094762802124e-01
1.141519069671630859e+00,1.283579587936401367e+00
1.599652051925659180e+00,1.449208974838256836e+00
-1.936561107635498047e+00,-7.015851736068725586e-01
-8.819011449813842773e-01,-8.088859319686889648e-01
-2.342199802398681641e+00,-8.423997163772583008e-01
-6.432902812957763672e-01,-7.247292399406433105e-01
-2.376517206430435181e-01,-2.711517810821533203e-01
-1.904067844152450562e-01,-1.781081855297088623e-01
3.922809660434722900e-01,-2.041745036840438843e-01
1.489890933036804199e+00,1.078468441963195801e+00
-8.852416872978210449e-01,-5.445321798324584961e-01
-6.719235777854919434e-01,-1.013503074645996094e-01
3.111532330513000488e-01,5.620465278625488281e-01
-4.519243538379669189e-01,-5.638322234153747559e-01
-2.949183881282806396e-01,5.790738463401794434e-01
4.400030970573425293e-01,5.895241498947143555e-01
-7.864567041397094727e-01,5.000511184334754944e-02
1.074708104133605957e+00,6.969819664955139160e-01
-7.358711957931518555e-01,-3.560012876987457275e-01
-7.530512809753417969e-01,-1.523561358451843262e+00
-1.183462888002395630e-01,-5.874286592006683350e-02
2.920643687248229980e-01,-4.906743764877319336e-01
-2.694866895675659180e+00,-1.657946586608886719e+00
-3.617293834686279297e-01,-3.408574163913726807e-01
-7.625957131385803223e-01,-1.667828708887100220e-01
-2.958727777004241943e-01,3.340764716267585754e-02
-2.476734519004821777e-01,-2.778368294239044189e-01
-6.337458491325378418e-01,-8.792415261268615723e-02
-8.389511108398437500e-01,-3.838924169540405273e-01
-2.615127861499786377e-01,-6.265588402748107910e-01
1.074708104133605957e+00,1.440735459327697754e+00
4.490703344345092773e-01,-3.326749205589294434e-01
4.256864488124847412e-01,3.136459887027740479e-01
-1.288493990898132324e+00,-7.201582193374633789e-01
-1.422073543071746826e-01,-5.760444402694702148e-01
5.640807747840881348e-01,3.065097704529762268e-02
-3.283239006996154785e-01,-1.765154302120208740e-01
6.929306387901306152e-01,3.885065317153930664e-01
-9.257636219263076782e-02,1.869584918022155762e-01
-1.569100499153137207e+00,-1.340648889541625977e+00
1.981429457664489746e+00,1.627174854278564453e+00
5.846013426780700684e-01,8.107419610023498535e-01
1.680779695510864258e+00,1.731878161430358887e+00
1.050357893109321594e-02,3.304002061486244202e-02
8.647304773330688477e-01,-4.012471437454223633e-01
8.026916980743408203e-01,2.698485851287841797e-01
-7.482789754867553711e-01,-7.785475850105285645e-01
-5.717069506645202637e-01,-4.854316413402557373e-01
-5.068047642707824707e-01,-4.393478929996490479e-01
-7.816845774650573730e-01,-2.838390767574310303e-01
5.020419955253601074e-01,4.911175370216369629e-01
8.170083165168762207e-01,1.090108156204223633e+00
-6.647652983665466309e-01,-1.190839648246765137e+00
-2.042462378740310669e-01,-2.879705429077148438e-01
6.929306387901306152e-01,-1.192093789577484131e-01
6.638201475143432617e-01,4.122668802738189697e-01
5.974863767623901367e-01,-3.760964050889015198e-02
-4.996464848518371582e-01,-5.605628490447998047e-01
1.038439273834228516e+00,6.142545342445373535e-01
-7.578234076499938965e-01,-1.140528440475463867e+00
-4.309265315532684326e-01,-8.921867609024047852e-01
3.445588350296020508e-01,1.613605022430419922e-02
1.170152425765991211e+00,8.313649296760559082e-01
1.017441391944885254e+00,8.534066677093505859e-01
-5.144404172897338867e-01,-7.840784788131713867e-01
1.236963510513305664e+00,5.841359496116638184e-01
-1.656431913375854492e+00,-1.243922233581542969e+00
1.050846934318542480e+00,1.393878102302551270e+00
-1.005978703498840332e+00,-2.727487683296203613e-01
1.767156839370727539e+00,1.008047103881835938e+00
-3.497988879680633545e-01,-5.714138746261596680e-01
2.482021786272525787e-02,1.729354411363601685e-01
1.685552000999450684e+00,1.855862617492675781e+00
2.482021786272525787e-02,5.326747521758079529e-02
2.524549961090087891e-01,4.397383630275726318e-01
4.447754323482513428e-01,8.926486372947692871e-01
-2.044890642166137695e+00,-2.233599901199340820e+00
-8.938317298889160156e-01,1.147359311580657959e-01
1.479860488325357437e-02,3.397782742977142334e-01
-1.058473110198974609e+00,-8.318139612674713135e-02
-7.248952388763427734e-01,-5.423720479011535645e-01
1.050846934318542480e+00,1.676814675331115723e+00
3.254699707031250000e-01,1.602921038866043091e-01
-5.335292816162109375e-01,-1.348492145538330078e+00
6.738418340682983398e-01,1.260102540254592896e-01
7.597417235374450684e-01,5.000562667846679688e-01
5.736252069473266602e-01,3.608034551143646240e-01
-8.771288394927978516e-01,-4.167981147766113281e-01
1.705595254898071289e+00,1.307992577552795410e+00
-1.058473110198974609e+00,-1.027115941047668457e+00
4.590920507907867432e-01,2.202653437852859497e-01
7.645139098167419434e-01,8.484606742858886719e-01
-2.361288785934448242e+00,-1.921436429023742676e+00
1.932794600725173950e-01,-3.842775523662567139e-01
-6.289735436439514160e-01,-2.357915043830871582e-01
-1.044156432151794434e+00,-8.921866416931152344e-01
9.425176382064819336e-01,3.324328362941741943e-01
2.586588859558105469e-01,1.538067460060119629e-01
2.395700365304946899e-01,-1.545116305351257324e-01
-1.565241068601608276e-01,1.303755119442939758e-02
1.031758069992065430e+00,1.104321002960205078e+00
1.108113646507263184e+00,1.156401395797729492e+00
4.218687415122985840e-01,9.961579740047454834e-02
-6.089302897453308105e-01,-3.940054774284362793e-01
-5.955681800842285156e-01,-3.221319019794464111e-01
7.692861557006835938e-01,2.222466617822647095e-01
-8.031595945358276367e-01,-4.434214532375335693e-01
3.751009702682495117e-01,7.671831846237182617e-01
1.399218916893005371e+00,1.270304083824157715e+00
-1.096650838851928711e+00,-8.351000547409057617e-01
1.508979797363281250e+00,8.291374444961547852e-01
-1.239817500114440918e+00,-1.640475511550903320e+00
2.395700365304946899e-01,1.613411679863929749e-02
1.442168831825256348e+00,3.032127618789672852e-01
7.167918086051940918e-01,6.008743643760681152e-01
1.174924731254577637e+00,1.389493346214294434e+00
8.217805027961730957e-01,3.941900134086608887e-01
-1.029839873313903809e+00,-1.504992485046386719e+00
1.298090219497680664e-01,-3.371954262256622314e-01
8.360972404479980469e-01,6.113573908805847168e-01
-1.034611940383911133e+00,-1.584825873374938965e+00
1.905074000358581543e+00,1.375063419342041016e+00
-5.287569761276245117e-01,1.167825311422348022e-01
1.536700874567031860e-01,-2.004849463701248169e-01
1.003124833106994629e+00,6.353382468223571777e-01
1.679867208003997803e-01,1.774953603744506836e-01
5.068141818046569824e-01,1.036227464675903320e+00
4.209142327308654785e-01,6.384684145450592041e-02
9.163131564855575562e-02,-1.113952696323394775e-01
2.061645388603210449e-01,-1.180915534496307373e-01
1.661690831184387207e+00,1.944402575492858887e+00
3.302421867847442627e-01,-3.188272118568420410e-01
7.501972913742065430e-01,3.667727410793304443e-01
-4.333126842975616455e-01,-1.523561120033264160e+00
-6.766956448554992676e-01,4.441811144351959229e-01
1.698955893516540527e-01,1.195485293865203857e-01
7.167918086051940918e-01,2.275275737047195435e-01
-1.273222804069519043e+00,-1.427712440490722656e+00
-1.803851723670959473e-01,-4.208797216415405273e-01
-3.721866384148597717e-02,8.394189178943634033e-03
1.488978713750839233e-01,-2.829470336437225342e-01
3.827365338802337646e-01,4.778280258178710938e-01
-4.748309254646301270e-01,-1.174338340759277344e+00
-4.619459509849548340e-01,-8.054826259613037109e-01
-4.714903831481933594e-01,-7.958141565322875977e-01
-1.631139159202575684e+00,-1.506305932998657227e+00
-1.040296480059623718e-01,1.677785962820053101e-01
6.977028846740722656e-01,8.827973604202270508e-01
1.671235322952270508e+00,8.156698942184448242e-01
-2.471961528062820435e-01,-5.344386696815490723e-01
-6.289735436439514160e-01,-7.399489879608154297e-01
-8.198623061180114746e-01,-9.115897417068481445e-01
6.929306387901306152e-01,8.942725658416748047e-01
-1.731355786323547363e+00,-1.536975979804992676e+00
1.141519069671630859e+00,1.167922616004943848e+00
5.736252069473266602e-01,3.634442687034606934e-01
1.384902238845825195e+00,1.485972404479980469e-01
6.642974019050598145e-01,3.277639448642730713e-01
-7.549600601196289062e-01,-2.878777384757995605e-01
5.044280886650085449e-01,-9.715159237384796143e-02
8.456416726112365723e-01,-1.421252265572547913e-02
-2.289705038070678711e+00,-1.760154843330383301e+00
-1.231184974312782288e-01,4.601844772696495056e-02
-2.070183038711547852e+00,-2.281194448471069336e+00
8.790471553802490234e-01,5.927377343177795410e-01
5.211308002471923828e-01,2.457022517919540405e-01
-2.901461720466613770e-01,-1.119374513626098633e+00
1.981429457664489746e+00,1.120108246803283691e+00
-1.354350566864013672e+00,-1.054420232772827148e+00
-2.290191128849983215e-02,-5.091077089309692383e-01
-2.567405700683593750e-01,1.473172158002853394e-01
-2.796472609043121338e-01,-5.401381850242614746e-01
1.103341341018676758e+00,5.755366086959838867e-01
-4.953515827655792236e-01,-1.177387684583663940e-01
6.738418340682983398e-01,3.448722064495086670e-01
-5.764793157577514648e-01,-3.309135735034942627e-01
-3.235516846179962158e-01,-8.423965573310852051e-01
-2.647621870040893555e+00,-1.791416525840759277e+00
5.731366109102964401e-03,-1.738645732402801514e-01
-6.318368911743164062e-01,-5.848947763442993164e-01
-2.037255048751831055e+00,-2.095422506332397461e+00
-4.524015486240386963e-01,-2.209147512912750244e-01
-2.595127344131469727e+00,-1.967918872833251953e+00
-1.101423144340515137e+00,-4.295939505100250244e-01
5.211308002471923828e-01,4.448539391160011292e-02
-1.335261702537536621e+00,-1.407338142395019531e+00
6.356640458106994629e-01,1.461897492408752441e-01
-4.299721419811248779e-01,-3.457847982645034790e-02
1.050357893109321594e-02,5.253342166543006897e-02
-1.247452974319458008e+00,-7.997245788574218750e-01
-1.864977955818176270e+00,-3.365311026573181152e-01
-2.299249887466430664e+00,-1.447997927665710449e+00
2.347978204488754272e-01,-3.439229354262351990e-02
2.710666656494140625e-01,2.386222630739212036e-01
1.351496696472167969e+00,6.728904247283935547e-01
1.060391426086425781e+00,1.231944799423217773e+00
-1.111922025680541992e+00,-7.006733417510986328e-01
-5.669346451759338379e-01,1.371795833110809326e-01
1.050357893109321594e-02,-5.161118507385253906e-01
-6.003402471542358398e-01,-4.303609430789947510e-01
1.761907458305358887e+00,1.665947198867797852e+00
1.232191205024719238e+00,1.172418832778930664e+00
-2.552177190780639648e+00,-7.896218299865722656e-01
6.308918595314025879e-01,6.647744774818420410e-01
-3.650699257850646973e-01,-2.285479009151458740e-01
7.883750200271606445e-01,6.593383550643920898e-01
9.792637228965759277e-01,8.495629429817199707e-01
-6.337458491325378418e-01,-2.226361036300659180e-01
8.695027232170104980e-01,4.749520421028137207e-01
1.213102340698242188e+00,1.149016022682189941e+00
3.206976652145385742e-01,-1.323782801628112793e-01
-7.578234076499938965e-01,-7.645305395126342773e-01
1.637829661369323730e+00,4.848978519439697266e-01
1.536700874567031860e-01,-2.419724464416503906e-01
-1.005978703498840332e+00,-3.784449994564056396e-01
4.304586648941040039e-01,2.347760498523712158e-01
-8.690162301063537598e-01,9.845777601003646851e-02
3.980076611042022705e-01,3.353939354419708252e-01
1.160607933998107910e+00,9.468098282814025879e-01
1.011757403612136841e-01,-8.836589455604553223e-01
-7.148736119270324707e-01,-5.579432845115661621e-01
3.970531821250915527e-01,9.447503834962844849e-02
-3.330960869789123535e-01,-4.306546747684478760e-01
8.360972404479980469e-01,4.800862669944763184e-01
7.072473168373107910e-01,7.003734707832336426e-01
-5.535303056240081787e-02,3.937942683696746826e-01
1.943251729011535645e+00,1.072275757789611816e+00
2.482021786272525787e-02,2.078002989292144775e-01
-1.678861498832702637e+00,-1.580168485641479492e+00
3.350144028663635254e-01,-2.694636583328247070e-01
-1.756129562854766846e-01,5.149977207183837891e-01
-1.517517715692520142e-01,5.840626358985900879e-01
-2.265844345092773438e+00,-1.445550799369812012e+00
-4.079287052154541016e+00,-1.902097821235656738e+00
-1.058473110198974609e+00,-2.283123135566711426e-01
3.159254491329193115e-01,4.016623497009277344e-01
1.298090219497680664e-01,4.207392632961273193e-01
-2.662850022315979004e-01,-4.507098793983459473e-01
-2.758295536041259766e-01,-1.559848636388778687e-01
1.079480290412902832e+00,1.071978926658630371e+00
-1.297995746135711670e-01,-2.104835808277130127e-01
6.261196136474609375e-01,7.237667441368103027e-01
1.174924731254577637e+00,1.114652514457702637e+00
8.885915875434875488e-01,5.995959043502807617e-01
-2.471049547195434570e+00,-1.755850553512573242e+00
-3.569571673870086670e-01,-2.651374340057373047e-01
-6.910124421119689941e-01,-7.357163429260253906e-01
1.747590661048889160e+00,8.225811123847961426e-01
-1.612963229417800903e-01,-2.651373445987701416e-01
1.131974697113037109e+00,4.485504925251007080e-01
2.443422377109527588e-01,6.921024918556213379e-01
8.647304773330688477e-01,-1.134711503982543945e-01
1.488978713750839233e-01,4.126339256763458252e-01
-1.612963229417800903e-01,-4.766678512096405029e-01
-2.576950788497924805e-01,-2.554056048393249512e-01
8.981360793113708496e-01,5.454294085502624512e-01
6.261196136474609375e-01,5.051147341728210449e-01
-3.378683030605316162e-01,-6.375963091850280762e-01
-1.029839873313903809e+00,-1.005211472511291504e+00
1.074708104133605957e+00,1.114652633666992188e+00
1.728501915931701660e+00,1.617456078529357910e+00
4.877253472805023193e-01,-3.031138181686401367e-01
1.528068780899047852e+00,1.576859354972839355e+00
2.443422377109527588e-01,-9.165152311325073242e-01
-1.517517715692520142e-01,-9.209995269775390625e-01
9.410859942436218262e-01,8.474052548408508301e-01
9.983525872230529785e-01,9.396930932998657227e-01
7.979194521903991699e-01,5.973416566848754883e-01
1.089024782180786133e+00,5.899886488914489746e-01
4.161420166492462158e-01,-1.715505421161651611e-01
4.314131438732147217e-01,5.677347779273986816e-01
-6.528347134590148926e-01,-2.758312523365020752e-01
-8.055455088615417480e-01,-1.059864237904548645e-01
-9.582566022872924805e-01,-7.115644216537475586e-02
5.115864276885986328e-01,3.204781711101531982e-01
-4.858071506023406982e-01,-9.149065613746643066e-01
-4.905792474746704102e-01,-7.271733283996582031e-01
-6.585194170475006104e-02,-2.921706438064575195e-01
-6.107972934842109680e-02,-9.165152311325073242e-01
-1.017432093620300293e+00,-8.728462457656860352e-01
2.939732372760772705e-01,4.638441205024719238e-01
1.914618253707885742e+00,1.616009593009948730e+00
2.347978204488754272e-01,-3.031136691570281982e-01
9.019964188337326050e-02,-1.000513732433319092e-01
3.063810169696807861e-01,-1.333170533180236816e-01
2.729755342006683350e-01,3.047909736633300781e-01
3.607843220233917236e-01,9.363986849784851074e-01
-2.910093545913696289e+00,-1.922393918037414551e+00
7.254234701395034790e-02,-2.421509325504302979e-01
1.733274102210998535e+00,1.871782779693603516e+00
1.823033690452575684e-01,1.163961067795753479e-01
-1.466020584106445312e+00,-9.297848343849182129e-01
-1.171574711799621582e+00,-8.944213986396789551e-01
-2.290191128849983215e-02,7.591272592544555664e-01
2.075961083173751831e-01,-2.353304922580718994e-01
-6.442446708679199219e-01,-6.019349694252014160e-01
-4.810348153114318848e-01,-4.819169044494628906e-01
1.345812380313873291e-01,-7.208857536315917969e-01
9.363137483596801758e-01,3.528719544410705566e-01
-2.567405700683593750e-01,3.610768318176269531e-01
-8.737882971763610840e-01,-2.668308317661285400e-01
-1.406845092773437500e+00,-1.725195050239562988e+00
7.454250454902648926e-01,8.790019154548645020e-01
5.822570994496345520e-02,-8.474806323647499084e-03
2.548411488533020020e-01,-6.646426022052764893e-02
2.825199365615844727e-01,3.279410302639007568e-01
-3.521849513053894043e-01,-1.922538280487060547e-01
6.547529697418212891e-01,6.305741071701049805e-01
3.922809660434722900e-01,4.598321914672851562e-01
9.649471044540405273e-01,8.379139304161071777e-01
3.016088008880615234e-01,3.636118173599243164e-01
3.970531821250915527e-01,1.079290390014648438e+00
-7.539636641740798950e-02,-2.842097878456115723e-01
-8.098406791687011719e-01,-4.467254579067230225e-01
-1.517517715692520142e-01,-1.082440912723541260e-01
1.284685730934143066e+00,1.513356089591979980e+00
8.981360793113708496e-01,5.460689067840576172e-01
-5.287569761276245117e-01,-6.542725861072540283e-02
-2.520680665969848633e+00,-7.896218299865722656e-01
9.029082655906677246e-01,4.193599522113800049e-01
-1.698862612247467041e-01,-3.703487813472747803e-01
-1.187322974205017090e+00,2.468579709529876709e-01
1.679867208003997803e-01,-1.081597059965133667e-03
3.483765423297882080e-01,3.205430209636688232e-01
1.107201650738716125e-01,1.349501907825469971e-01
-1.418775677680969238e+00,-1.056951761245727539e+00
-2.133134752511978149e-01,-4.178506731986999512e-01
-1.173006534576416016e+00,-7.896229028701782227e-01
-8.341790437698364258e-01,-6.306355595588684082e-01
1.074708104133605957e+00,1.045022130012512207e+00
-2.647621870040893555e+00,-5.288758277893066406e-01
-8.341790437698364258e-01,1.023191586136817932e-01
6.929306387901306152e-01,2.746462821960449219e-01
1.609196424484252930e+00,1.048604011535644531e+00
-4.194732308387756348e-01,-3.939099609851837158e-01
-3.044628202915191650e-01,-6.019355654716491699e-01
4.299690946936607361e-03,-2.184664309024810791e-01
-9.534844756126403809e-01,-7.896229028701782227e-01
-8.016858249902725220e-02,3.339304625988006592e-01
-6.585194170475006104e-02,-8.295601233839988708e-03
1.351496696472167969e+00,1.447316765785217285e+00
-1.660685241222381592e-01,-3.652565181255340576e-02
4.652959406375885010e-01,4.965241551399230957e-01
-1.349578499794006348e+00,-7.896229028701782227e-01
-7.816845774650573730e-01,-3.446483239531517029e-02
6.413907408714294434e-01,4.910655021667480469e-01
4.944064021110534668e-01,3.988470137119293213e-01
1.345812380313873291e-01,2.954472601413726807e-01
2.787022292613983154e-01,5.026593804359436035e-01
-1.674089193344116211e+00,-6.749556660652160645e-01
-5.621625781059265137e-01,-1.880920529365539551e-01
1.112885832786560059e+00,9.468101263046264648e-01
2.739300131797790527e-01,4.797620773315429688e-01
-2.996906042098999023e-01,1.410814225673675537e-01
-1.490836143493652344e+00,-1.382895588874816895e+00
-2.806017696857452393e-01,-1.549010276794433594e-01
-1.235045194625854492e+00,-9.236392378807067871e-01
9.052943587303161621e-01,5.218218564987182617e-01
1.065163731575012207e+00,9.794504046440124512e-01
-4.333126842975616455e-01,5.504181385040283203e-01
1.241735696792602539e+00,1.360962152481079102e+00
-2.290191128849983215e-02,1.630614399909973145e-01
-2.328795194625854492e-01,1.136276349425315857e-01
-2.388490438461303711e+00,-1.357629537582397461e+00
9.124526977539062500e-01,6.964751482009887695e-01
6.738418340682983398e-01,5.633264780044555664e-01
-2.901461720466613770e-01,-7.896229028701782227e-01
6.833862662315368652e-01,1.223153471946716309e+00
1.488978713750839233e-01,5.902906656265258789e-01
-2.647621870040893555e+00,-5.147340297698974609e-01
1.580563187599182129e+00,1.571680307388305664e+00
1.661690831184387207e+00,1.250057816505432129e+00
5.941457748413085938e-01,4.754323363304138184e-01
1.112885832786560059e+00,9.531307816505432129e-01
-1.411617398262023926e+00,-9.102072715759277344e-01
-1.280858516693115234e+00,-7.928155064582824707e-01
-6.289735436439514160e-01,-5.917490124702453613e-01
3.588754832744598389e-01,-4.389912486076354980e-01
-1.864977955818176270e+00,-6.927112936973571777e-01
-2.443370819091796875e+00,-7.896229028701782227e-01
2.395700365304946899e-01,2.430572509765625000e-01
2.586588859558105469e-01,1.605581045150756836e-01
4.590920507907867432e-01,-9.165161848068237305e-01
5.020419955253601074e-01,4.657849073410034180e-01
6.924535036087036133e-01,-4.719570279121398926e-01
-5.449824333190917969e-01,-1.069969654083251953e+00
1.843035101890563965e+00,1.051339983940124512e+00
4.781809151172637939e-01,4.126332998275756836e-01
-8.127040266990661621e-01,-1.247427612543106079e-01
5.020419955253601074e-01,-9.441596269607543945e-02
5.211308002471923828e-01,6.761606931686401367e-01
1.986201643943786621e+00,1.499334931373596191e+00
-6.623791456222534180e-01,-7.896229028701782227e-01
1.446941018104553223e+00,1.612926721572875977e+00
3.636476695537567139e-01,4.598448276519775391e-01
-5.048959851264953613e-01,-4.864561855792999268e-01
1.251280069351196289e+00,1.520671844482421875e+00
9.267693161964416504e-01,6.582188606262207031e-01
-6.585194170475006104e-02,-1.769560277462005615e-01
-1.254134058952331543e+00,-5.802778601646423340e-01
-6.671512126922607422e-01,8.316784501075744629e-01
9.744915366172790527e-01,1.070078969001770020e+00
4.619553089141845703e-01,3.269149661064147949e-01
7.311084270477294922e-01,7.637782692909240723e-01
9.506304264068603516e-01,5.830708742141723633e-01
3.684198856353759766e-01,6.880583167076110840e-01
8.026916980743408203e-01,7.439073324203491211e-01
4.590920507907867432e-01,1.904259026050567627e-01
-2.376517206430435181e-01,-1.616950929164886475e-01
2.157089710235595703e-01,2.432126104831695557e-01
8.360972404479980469e-01,1.150458455085754395e+00
-5.630751699209213257e-02,-3.446507826447486877e-02
1.341952204704284668e+00,1.026492118835449219e+00
-3.550482988357543945e-01,-4.438680037856101990e-02
-3.813060000538825989e-03,3.937934637069702148e-01
-1.422073543071746826e-01,-2.428547441959381104e-01
-3.569571673870086670e-01,4.539090394973754883e-01
-3.020766675472259521e-01,-2.309177219867706299e-01
-5.678470432758331299e-02,-3.087229728698730469e-01
-5.907958149909973145e-01,-1.069198250770568848e+00
1.976657152175903320e+00,1.760581135749816895e+00
1.580563187599182129e+00,1.518910646438598633e+00
5.731366109102964401e-03,5.164095759391784668e-01
1.699868559837341309e+00,8.803583383560180664e-01
