5.072914361953735352e-01,3.572269678115844727e-01
-3.617293834686279297e-01,-3.458026051521301270e-01
-1.545239329338073730e+00,-1.278809189796447754e+00
-7.272813916206359863e-01,2.708232998847961426e-01
3.259471654891967773e-01,5.038610845804214478e-02
4.543198347091674805e-01,-7.577570080757141113e-01
5.640807747840881348e-01,4.453285038471221924e-01
2.210495948791503906e+00,2.610442399978637695e+00
-4.676309227943420410e-02,-2.050720602273941040e-01
-7.167823314666748047e-01,5.355568528175354004e-01
6.862496137619018555e-01,5.223972797393798828e-01
-5.287569761276245117e-01,-4.505666196346282959e-01
1.217874646186828613e+00,6.165366768836975098e-01
-1.330012440681457520e+00,3.127829730510711670e-01
-3.665015995502471924e-01,-5.608308911323547363e-01
1.265596747398376465e+00,7.117368578910827637e-01
-9.635061025619506836e-01,-3.944187760353088379e-01
4.018253982067108154e-01,-1.788093745708465576e-01
1.065163731575012207e+00,1.204256296157836914e+00
-1.836344718933105469e+00,-7.792693376541137695e-01
-2.036777734756469727e+00,-1.401771068572998047e+00
-1.893611192703247070e+00,-1.127435445785522461e+00
-5.239848494529724121e-01,-7.577569484710693359e-01
-1.020295500755310059e+00,3.997308015823364258e-01
-7.062415778636932373e-02,-3.395007848739624023e-01
-7.530512809753417969e-01,-2.550420463085174561e-01
1.048938155174255371e+00,1.019351720809936523e+00
4.734086990356445312e-01,1.864473074674606323e-01
6.261196136474609375e-01,3.744733631610870361e-01
-8.971300721168518066e-02,8.729518204927444458e-02
-1.134828567504882812e+00,-9.269877076148986816e-01
-1.125284194946289062e+00,-1.918399780988693237e-01
-3.426405191421508789e-01,-3.803139925003051758e-01
-5.001236796379089355e-01,1.494504511356353760e-01
6.118029952049255371e-01,-3.007167875766754150e-01
-1.431197393685579300e-02,5.268074274063110352e-01
-1.955649971961975098e+00,-7.403582334518432617e-01
7.215639948844909668e-01,5.381448268890380859e-01
-1.788622498512268066e+00,-2.066167593002319336e+00
-1.183462888002395630e-01,3.323475718498229980e-01
-1.120512008666992188e+00,-3.012617528438568115e-01
3.875087499618530273e-01,1.095338582992553711e+00
-3.569571673870086670e-01,-1.637548953294754028e-01
-1.330489635467529297e+00,-1.024898648262023926e+00
-6.242014169692993164e-01,-7.325237989425659180e-02
-2.070183038711547852e+00,-1.288394093513488770e+00
9.983525872230529785e-01,1.292927861213684082e+00
-2.767412550747394562e-02,9.524081647396087646e-02
-1.002638220787048340e+00,1.519075483083724976e-01
-2.366060972213745117e+00,-1.941984057426452637e+00
5.879418849945068359e-01,1.155480146408081055e+00
-5.621625781059265137e-01,-4.873982667922973633e-01
-2.996906042098999023e-01,-2.985349297523498535e-01
6.642974019050598145e-01,6.959926486015319824e-01
8.599582910537719727e-01,-4.688865318894386292e-02
-9.439400434494018555e-01,-4.715081155300140381e-01
1.981429457664489746e+00,1.883313417434692383e+00
-8.207744359970092773e-02,-3.511643409729003906e-01
-2.323111057281494141e+00,-1.105115175247192383e+00
-2.445279598236083984e+00,-5.868358612060546875e-01
-1.044156432151794434e+00,-6.335190534591674805e-01
-1.478916127234697342e-02,1.051871538162231445e+00
6.261196136474609375e-01,1.275163888931274414e-01
-2.042462378740310669e-01,-4.063904285430908203e-01
4.018253982067108154e-01,-5.860358476638793945e-01
1.637829661369323730e+00,8.229776024818420410e-01
3.493310511112213135e-01,-2.626252472400665283e-01
7.406528592109680176e-01,1.268425285816192627e-01
-8.914455771446228027e-01,-5.111334323883056641e-01
-2.362720489501953125e+00,-5.186130404472351074e-01
1.260824561119079590e+00,6.500992178916931152e-01
8.456416726112365723e-01,2.104110717773437500e-01
1.389674425125122070e+00,1.239221334457397461e+00
-1.660685241222381592e-01,-1.474936306476593018e-01
1.590107560157775879e+00,1.251608967781066895e+00
5.211308002471923828e-01,6.977805495262145996e-01
-1.249361872673034668e+00,-8.736253380775451660e-01
3.063810169696807861e-01,2.757975757122039795e-01
1.833490610122680664e+00,1.616672158241271973e+00
-7.893200516700744629e-01,-7.397438585758209229e-02
5.306752324104309082e-01,4.569317698478698730e-01
-4.013387560844421387e-01,2.671843171119689941e-01
-8.628123402595520020e-01,-3.720408976078033447e-01
1.256052374839782715e+00,9.473460316658020020e-01
1.158699035644531250e+00,2.272764146327972412e-01
9.840359687805175781e-01,6.758122444152832031e-01
-8.494079858064651489e-02,-4.696005880832672119e-01
9.591530542820692062e-04,-1.148583650588989258e+00
-1.984283566474914551e+00,-1.701566219329833984e+00
-7.764350771903991699e-01,-7.902755737304687500e-01
-8.365649580955505371e-01,3.084782138466835022e-02
-1.335748564451932907e-02,9.132727235555648804e-02
-8.723567128181457520e-01,1.465301215648651123e-01
1.265596747398376465e+00,-7.577497363090515137e-01
-8.069773316383361816e-01,-4.505669176578521729e-01
6.738418340682983398e-01,-3.633453249931335449e-01
2.109367549419403076e-01,2.974881529808044434e-01
3.111532330513000488e-01,-2.298850938677787781e-02
-1.475564956665039062e+00,1.780009418725967407e-01
-1.488885432481765747e-01,6.697602272033691406e-01
2.328889518976211548e-01,1.930469274520874023e-01
5.927141308784484863e-01,3.874916136264801025e-01
1.375357747077941895e+00,1.607707977294921875e+00
1.107201650738716125e-01,-8.535162210464477539e-01
1.364900916814804077e-01,4.500788748264312744e-01
1.536700874567031860e-01,-9.086804091930389404e-02
1.102386951446533203e+00,1.063540220260620117e+00
-5.955681800842285156e-01,-4.140625596046447754e-01
-4.046794176101684570e-01,-1.366357654333114624e-01
1.966200023889541626e-01,-2.522044479846954346e-01
8.456416726112365723e-01,3.099640905857086182e-01
1.637829661369323730e+00,1.020484924316406250e+00
-4.175643622875213623e-01,4.083687365055084229e-01
1.437396645545959473e+00,1.453218936920166016e+00
1.107201650738716125e-01,-3.527743816375732422e-01
1.265596747398376465e+00,7.707535028457641602e-01
2.968365848064422607e-01,-4.603274911642074585e-02
1.775311529636383057e-01,5.181510448455810547e-01
3.636476695537567139e-01,8.175754919648170471e-03
-9.845036864280700684e-01,-3.108038753271102905e-02
-5.573902130126953125e-01,1.892183572053909302e-01
3.350144028663635254e-01,9.084593057632446289e-01
1.628285288810729980e+00,9.693166613578796387e-01
9.601748585700988770e-01,5.904428362846374512e-01
1.246507883071899414e+00,9.477908611297607422e-01
-1.979511141777038574e+00,-7.792690396308898926e-01
-5.192125439643859863e-01,-7.866360545158386230e-01
-8.337016105651855469e-01,-6.454059481620788574e-01
1.733274102210998535e+00,1.817131876945495605e+00
-2.369401454925537109e+00,-2.249252945184707642e-01
1.136746883392333984e+00,1.050986647605895996e+00
-9.057621359825134277e-01,-2.014939934015274048e-01
1.112885832786560059e+00,1.071881651878356934e+00
6.299792230129241943e-02,-4.396306574344635010e-01
3.254699707031250000e-01,5.787646174430847168e-01
-1.640683650970458984e+00,1.706971377134323120e-01
1.609196424484252930e+00,3.564221411943435669e-02
-2.949183881282806396e-01,-3.679361045360565186e-01
-8.150901794433593750e-01,4.796232879161834717e-01
1.594879746437072754e+00,-7.577507495880126953e-01
-1.573872566223144531e+00,-9.082885384559631348e-01
1.107201650738716125e-01,-2.392088621854782104e-01
6.666834950447082520e-01,5.941990017890930176e-01
2.176178246736526489e-01,2.808462679386138916e-01
8.170083165168762207e-01,6.619002223014831543e-01
-1.573872566223144531e+00,-3.444964885711669922e-01
1.706072449684143066e+00,-1.307630985975265503e-01
-2.996906042098999023e-01,-9.637803584337234497e-02
-1.650228261947631836e+00,-8.538028001785278320e-01
-1.779078125953674316e+00,-7.881917953491210938e-01
-1.153917431831359863e+00,-6.550163030624389648e-01
5.731366109102964401e-03,2.678838744759559631e-02
-1.469795703887939453e-01,1.043608188629150391e-01
1.284685730934143066e+00,6.207492947578430176e-01
3.412182927131652832e-01,1.948936842381954193e-02
-2.185628712177276611e-01,-7.577552199363708496e-01
5.545364022254943848e-01,5.915873646736145020e-01
-3.808182179927825928e-01,-3.284636735916137695e-01
8.742749094963073730e-01,8.160828351974487305e-01
-1.149145364761352539e+00,-4.456543028354644775e-01
-6.766956448554992676e-01,-3.628643751144409180e-01
1.122430205345153809e+00,4.650326371192932129e-01
-4.524015486240386963e-01,6.436652690172195435e-02
9.601748585700988770e-01,3.211310505867004395e-01
-1.352441906929016113e+00,-4.712181091308593750e-01
1.298090219497680664e-01,-1.375100314617156982e-01
-2.996948003768920898e+00,-1.284090757369995117e+00
1.071367621421813965e+00,6.657853126525878906e-01
-4.161326885223388672e-01,-1.673942804336547852e-01
-1.053701043128967285e+00,-1.323784112930297852e+00
4.018253982067108154e-01,5.756735801696777344e-01
-6.585614085197448730e-01,-3.998048305511474609e-01
-7.912290096282958984e-01,-1.318963710218667984e-02
-5.430737137794494629e-01,4.533115029335021973e-02
-2.328795194625854492e-01,-5.424089431762695312e-01
-8.016858249902725220e-02,4.305801391601562500e-01
1.122430205345153809e+00,3.758047819137573242e-01
2.252533882856369019e-01,4.976590573787689209e-01
5.783974528312683105e-01,8.899841308593750000e-01
1.194013595581054688e+00,1.471582531929016113e+00
4.734086990356445312e-01,3.277938365936279297e-01
5.068141818046569824e-01,-4.695989787578582764e-01
1.485118746757507324e+00,1.767659187316894531e+00
2.013922184705734253e-01,5.274252220988273621e-02
-7.244180440902709961e-01,-1.868154764175415039e+00
3.813048601150512695e-01,3.528162837028503418e-01
-1.899295896291732788e-01,-3.545922636985778809e-01
7.883750200271606445e-01,1.037975072860717773e+00
7.616506218910217285e-01,6.396290659904479980e-01
-1.449795126914978027e+00,-1.042206287384033203e+00
9.267693161964416504e-01,7.315559387207031250e-01
2.682033181190490723e-01,4.312049224972724915e-02
4.161420166492462158e-01,3.310627639293670654e-01
8.360972404479980469e-01,1.037975311279296875e+00
2.825199365615844727e-01,1.028332039713859558e-01
1.154923811554908752e-01,4.468099772930145264e-01
-8.971300721168518066e-02,-3.998392522335052490e-01
-7.960010766983032227e-01,-4.520654380321502686e-01
4.734086990356445312e-01,-7.577551603317260742e-01
3.159254491329193115e-01,2.084891349077224731e-01
-7.482789754867553711e-01,-8.878418803215026855e-01
3.016088008880615234e-01,2.626461982727050781e-01
1.270368933677673340e+00,8.082624673843383789e-01
-1.753307938575744629e+00,-1.418246984481811523e+00
1.676007509231567383e+00,1.564506530761718750e+00
-2.017688989639282227e+00,-5.236701369285583496e-01
-2.056779116392135620e-01,1.537843197584152222e-01
6.404362916946411133e-01,-5.314303040504455566e-01
3.397866189479827881e-01,4.719162881374359131e-01
-2.156995236873626709e-01,-2.791179120540618896e-01
1.308546781539916992e+00,1.213232398033142090e+00
-3.760460317134857178e-01,-4.695989787578582764e-01
-2.634217739105224609e-01,-4.202691316604614258e-01
-2.309706509113311768e-01,2.257898747920989990e-01
5.402197241783142090e-01,6.219329237937927246e-01
-1.565241068601608276e-01,3.891982734203338623e-01
-2.710572183132171631e-01,7.912673950195312500e-01
1.718045622110366821e-01,5.274898409843444824e-01
2.443422377109527588e-01,-3.633440136909484863e-01
7.549694776535034180e-01,5.193309783935546875e-01
9.163131564855575562e-02,2.683829963207244873e-01
9.506304264068603516e-01,1.388167262077331543e+00
1.031758069992065430e+00,1.101341366767883301e+00
-2.265844345092773438e+00,-1.665895104408264160e+00
8.170083165168762207e-01,7.787347435951232910e-01
-4.189960360527038574e-01,4.847701787948608398e-01
3.159254491329193115e-01,4.356128275394439697e-01
7.311084270477294922e-01,6.956107616424560547e-01
5.259030461311340332e-01,6.222492456436157227e-01
-5.001236796379089355e-01,1.586169749498367310e-02
-1.526150465011596680e+00,-1.116022229194641113e+00
9.744915366172790527e-01,6.116296052932739258e-01
1.412581086158752441e+00,8.149706125259399414e-01
8.981360793113708496e-01,1.067093849182128906e+00
1.234100103378295898e+00,5.645864009857177734e-01
-1.416389465332031250e+00,-4.059801101684570312e-01
-2.323111057281494141e+00,-1.640936255455017090e+00
-1.069449424743652344e+00,2.889078259468078613e-01
3.397866189479827881e-01,1.483716845512390137e+00
1.050846934318542480e+00,5.360666513442993164e-01
-2.767412550747394562e-02,-3.319795131683349609e-01
-4.910564422607421875e-01,3.772622048854827881e-01
3.813048601150512695e-01,6.037477254867553711e-01
-1.517517715692520142e-01,3.113168776035308838e-01
-2.084500074386596680e+00,-1.695780038833618164e+00
-1.824891328811645508e+00,2.881289124488830566e-01
-1.044156432151794434e+00,-2.496613562107086182e-01
-1.519946575164794922e+00,2.307402715086936951e-02
-2.847100257873535156e+00,-1.113995075225830078e+00
5.449919700622558594e-01,1.087681055068969727e+00
5.306752324104309082e-01,8.682211488485336304e-02
5.727133527398109436e-02,3.419012725353240967e-01
1.017441391944885254e+00,1.164061784744262695e+00
3.407409787178039551e-01,-2.318230271339416504e-01
2.491144537925720215e-01,4.739230275154113770e-01
-1.612963229417800903e-01,7.416275143623352051e-02
8.217805027961730957e-01,5.851697325706481934e-01
3.350144028663635254e-01,4.739232361316680908e-01
5.306752324104309082e-01,2.874982729554176331e-02
-4.199087619781494141e-02,1.006990909576416016e+00
9.363137483596801758e-01,5.929832458496093750e-01
-4.619459509849548340e-01,-2.966062724590301514e-01
-6.432902812957763672e-01,3.766885101795196533e-01
4.018253982067108154e-01,4.576421082019805908e-01
1.609196424484252930e+00,1.303600072860717773e+00
-2.003372430801391602e+00,-1.280929923057556152e+00
-1.373916864395141602e+00,-2.540199756622314453e-01
1.823033690452575684e-01,-2.948749959468841553e-01
6.070307493209838867e-01,2.123318165540695190e-01
7.731456309556961060e-02,1.927330344915390015e-01
-8.771288394927978516e-01,-3.432334586977958679e-02
-6.107972934842109680e-02,-3.657817542552947998e-01
5.354475378990173340e-01,-5.209289863705635071e-02
7.931472659111022949e-01,3.806829452514648438e-01
-5.048959851264953613e-01,-1.504084467887878418e-01
6.299792230129241943e-02,-2.424730956554412842e-01
1.408763408660888672e+00,9.165623188018798828e-01
1.155835866928100586e+00,1.558725595474243164e+00
9.864221215248107910e-01,7.527781128883361816e-01
-2.042462378740310669e-01,1.878588199615478516e-01
7.311084270477294922e-01,5.896169543266296387e-01
5.259030461311340332e-01,5.066438317298889160e-01
1.794400066137313843e-01,1.288156211376190186e-01
1.990973949432373047e+00,1.951267838478088379e+00
1.202645897865295410e-01,3.882497847080230713e-01
1.351496696472167969e+00,7.066264748573303223e-01
5.736252069473266602e-01,3.195928335189819336e-01
1.089024782180786133e+00,9.989622235298156738e-01
-6.432902812957763672e-01,-4.458327591419219971e-01
-7.530512809753417969e-01,-1.411410570144653320e+00
-5.526181459426879883e-01,3.103644251823425293e-01
1.714185237884521484e+00,5.833567380905151367e-01
8.742749094963073730e-01,4.202813804149627686e-01
1.065163731575012207e+00,8.909282684326171875e-01
-2.534000277519226074e-01,4.159460961818695068e-01
-5.511863231658935547e-01,-4.671240448951721191e-01
-1.065154194831848145e+00,-1.752420663833618164e-01
9.640352427959442139e-02,-5.209353193640708923e-02
-7.759578824043273926e-01,-4.292578697204589844e-01
1.370585560798645020e+00,9.379367828369140625e-01
5.918019637465476990e-02,8.673904091119766235e-02
5.960546731948852539e-01,4.286225438117980957e-01
9.974406659603118896e-02,2.966224551200866699e-01
-5.096681118011474609e-01,-3.739180862903594971e-01
-1.545239329338073730e+00,-1.214866161346435547e+00
-8.341790437698364258e-01,-1.910055987536907196e-03
-5.287569761276245117e-01,5.742133259773254395e-01
5.273346900939941406e-01,6.239584684371948242e-01
3.350144028663635254e-01,5.545979738235473633e-01
-3.235516846179962158e-01,1.079899817705154419e-02
-8.055455088615417480e-01,-6.306008100509643555e-01
1.202645897865295410e-01,-4.079711735248565674e-01
7.645139098167419434e-01,6.598539352416992188e-01
3.679427206516265869e-01,3.026784956455230713e-01
-7.673678398132324219e-01,-1.400628089904785156e-01
4.209142327308654785e-01,1.710173934698104858e-01
8.408694267272949219e-01,7.270256280899047852e-01
-9.534844756126403809e-01,1.308451145887374878e-01
-1.320945262908935547e+00,-1.347012639045715332e+00
-7.101012468338012695e-01,-9.703758955001831055e-01
-1.366281151771545410e+00,-3.389664292335510254e-01
7.606961727142333984e-01,8.468524217605590820e-01
-4.676309227943420410e-02,-4.871766269207000732e-01
-2.199033260345458984e+00,-1.855719327926635742e+00
6.299792230129241943e-02,4.469577372074127197e-01
1.413535594940185547e+00,8.048907518386840820e-01
5.163586139678955078e-01,-4.882028996944427490e-01
-5.907958149909973145e-01,-6.993013024330139160e-01
6.251652240753173828e-01,5.726834535598754883e-01
4.390906915068626404e-02,3.497060388326644897e-02
2.825199365615844727e-01,3.379643559455871582e-01
-3.951349854469299316e-01,1.510103940963745117e-01
-1.183462888002395630e-01,-4.740578532218933105e-01
1.775311529636383057e-01,-2.425953745841979980e-01
9.410859942436218262e-01,5.480220913887023926e-01
-1.803851723670959473e-01,-1.722661405801773071e-01
-1.064199805259704590e+00,-3.377592265605926514e-01
-1.261769652366638184e+00,-7.798821479082107544e-02
2.252533882856369019e-01,3.563965559005737305e-01
-4.189960360527038574e-01,-1.067444682121276855e+00
-2.552177190780639648e+00,-1.874522119760513306e-01
-1.558124303817749023e+00,-1.817772984504699707e+00
1.775311529636383057e-01,-7.992123067378997803e-02
1.265596747398376465e+00,9.412499666213989258e-01
-2.891916930675506592e-01,-3.008692860603332520e-01
5.211308002471923828e-01,-6.841943413019180298e-02
1.528068780899047852e+00,1.216711044311523438e+00
1.345812380313873291e-01,-2.556236088275909424e-01
1.375357747077941895e+00,5.046187043190002441e-01
-2.208577394485473633e+00,-1.696860432624816895e+00
-1.411617398262023926e+00,-1.767699867486953735e-01
-2.380377531051635742e+00,-8.155944943428039551e-01
-2.017688989639282227e+00,-1.477896451950073242e+00
-2.233350872993469238e-01,-6.566179990768432617e-01
-2.553132057189941406e+00,1.689426600933074951e-03
-6.170429587364196777e-01,-8.629956841468811035e-01
8.790471553802490234e-01,8.760054111480712891e-01
-1.947018057107925415e-01,1.156211122870445251e-01
-3.760460317134857178e-01,-1.170604582875967026e-02
-8.962177038192749023e-01,2.249515503644943237e-01
-7.864567041397094727e-01,-1.062130257487297058e-01
-9.678009748458862305e-01,-2.595793604850769043e-01
4.638642668724060059e-01,4.370726048946380615e-01
-2.744974851608276367e+00,-1.208206415176391602e+00
-5.669346451759338379e-01,-4.842236638069152832e-01
-8.680616021156311035e-01,8.805227279663085938e-02
-1.947018057107925415e-01,2.487169057130813599e-01
3.541032671928405762e-01,2.239402383565902710e-01
6.833862662315368652e-01,9.731826931238174438e-02
4.590920507907867432e-01,3.933174610137939453e-01
-2.003867551684379578e-02,1.002799868583679199e+00
8.704571723937988281e-01,5.456431508064270020e-01
-2.089272022247314453e+00,-1.592331528663635254e+00
8.885915875434875488e-01,1.962006986141204834e-01
1.466029882431030273e+00,7.252357006072998047e-01
-2.104501277208328247e-01,2.796345576643943787e-02
6.786140203475952148e-01,6.949249505996704102e-01
-5.192125439643859863e-01,-6.526230573654174805e-01
3.875087499618530273e-01,4.126844406127929688e-01
9.029082655906677246e-01,4.723665714263916016e-01
-1.553352236747741699e+00,-1.534451007843017578e+00
2.204811722040176392e-01,4.388544857501983643e-01
5.974863767623901367e-01,-4.177375435829162598e-01
-5.239848494529724121e-01,-4.758383929729461670e-01
1.050846934318542480e+00,8.554683923721313477e-01
1.528068780899047852e+00,1.461259365081787109e+00
-1.817255854606628418e+00,-1.846607327461242676e+00
5.731366109102964401e-03,-9.893667697906494141e-01
5.111092329025268555e-01,3.702141642570495605e-01
-4.743537306785583496e-01,-6.418401598930358887e-01
1.145795360207557678e-02,2.404083758592605591e-01
-8.637666702270507812e-01,-1.140155345201492310e-01
1.138178586959838867e+00,1.029548406600952148e+00
-5.764793157577514648e-01,2.419606149196624756e-01
2.300256043672561646e-01,2.874851226806640625e-02
1.775311529636383057e-01,-2.534892261028289795e-01
6.929306387901306152e-01,8.662611246109008789e-01
4.781809151172637939e-01,6.223970055580139160e-01
-2.567405700683593750e-01,-1.143994212150573730e+00
1.322863459587097168e+00,1.263835191726684570e+00
-6.003402471542358398e-01,-9.126062691211700439e-02
3.445588350296020508e-01,2.101360820233821869e-03
7.549694776535034180e-01,7.723269462585449219e-01
3.354915976524353027e-01,4.832584559917449951e-01
3.493310511112213135e-01,1.390974968671798706e-01
-1.979511141777038574e+00,-1.029384851455688477e+00
-6.485396027565002441e-01,-5.664004683494567871e-01
-1.473656058311462402e+00,-1.234776258468627930e+00
-8.923581987619400024e-02,2.444806508719921112e-02
3.717604279518127441e-01,5.693038105964660645e-01
1.790540695190429688e+00,1.819124817848205566e+00
-4.858071506023406982e-01,-3.664911091327667236e-01
-2.914865732192993164e+00,-1.862388491630554199e+00
-9.296233057975769043e-01,-9.993387460708618164e-01
1.809629559516906738e+00,1.511825680732727051e+00
8.170083165168762207e-01,2.213915064930915833e-02
9.267693161964416504e-01,7.569356560707092285e-01
2.080734074115753174e-01,6.141797900199890137e-01
1.060391426086425781e+00,-3.598338365554809570e-01
-3.474127352237701416e-01,-1.469633579254150391e-01
-3.244633972644805908e-02,-2.387863099575042725e-01
-2.567405700683593750e-01,-9.473429620265960693e-02
8.074638843536376953e-01,8.736544251441955566e-01
1.460780501365661621e+00,9.650717377662658691e-01
-1.222160220146179199e+00,-3.455623388290405273e-01
4.285497963428497314e-01,7.164853215217590332e-01
-7.539636641740798950e-02,-5.586507320404052734e-01
-2.809876918792724609e+00,-1.871595859527587891e+00
-1.545716524124145508e+00,-1.524747610092163086e-01
-7.244180440902709961e-01,3.154586851596832275e-01
1.318091154098510742e+00,1.160376071929931641e+00
-5.430737137794494629e-01,-8.999592065811157227e-02
1.642601966857910156e+00,1.447538733482360840e+00
8.360972404479980469e-01,1.026533246040344238e+00
-1.678861498832702637e+00,-1.020958781242370605e+00
-3.617293834686279297e-01,-1.092014908790588379e-01
-1.502289295196533203e+00,-6.030191183090209961e-01
-1.020295500755310059e+00,-9.233768582344055176e-01
-2.328795194625854492e-01,-5.979930162429809570e-01
-1.235045194625854492e+00,-1.604237914085388184e+00
1.054706498980522156e-01,-1.852985769510269165e-01
3.206976652145385742e-01,8.742825388908386230e-01
-1.088018566370010376e-01,-7.738418579101562500e-01
3.341015428304672241e-02,3.026975691318511963e-01
-1.040296480059623718e-01,1.424722522497177124e-01
-1.469795703887939453e-01,3.726701438426971436e-01
2.247760891914367676e-01,3.597604334354400635e-01
-3.550482988357543945e-01,-1.188290417194366455e-01
1.507071018218994141e+00,2.783067524433135986e-01
4.877253472805023193e-01,-5.199503526091575623e-02
1.170152425765991211e+00,4.701181352138519287e-01
4.781809151172637939e-01,3.305260837078094482e-01
-1.335748564451932907e-02,-7.112422585487365723e-01
-1.688405990600585938e+00,-1.087726950645446777e+00
1.282776713371276855e+00,1.538080871105194092e-01
1.084252476692199707e+00,7.998714447021484375e-01
-1.010751008987426758e+00,-1.329414639621973038e-02
7.731456309556961060e-02,1.593773365020751953e-01
5.831696391105651855e-01,2.542026340961456299e-01
-4.810348153114318848e-01,-3.573082387447357178e-01
3.321510553359985352e-01,2.909452915191650391e-01
-2.628533124923706055e+00,-1.386504530906677246e+00
1.536700874567031860e-01,1.817673146724700928e-01
1.862124085426330566e+00,1.358761668205261230e+00
-8.723567128181457520e-01,-7.925698757171630859e-01
4.256864488124847412e-01,5.837859511375427246e-01
-1.135740727186203003e-01,-1.556038204580545425e-02
1.170152425765991211e+00,1.024128437042236328e+00
2.004800550639629364e-02,-4.756194949150085449e-01
5.068141818046569824e-01,3.202711343765258789e-01
-1.106195330619812012e+00,-4.603047966957092285e-01
5.497641563415527344e-01,7.580920457839965820e-01
-6.107972934842109680e-02,1.550475358963012695e-01
1.160607933998107910e+00,1.009249910712242126e-01
-1.053223609924316406e+00,-1.241610407829284668e+00
-1.020295500755310059e+00,-2.672237157821655273e-01
8.360972404479980469e-01,1.492894589900970459e-01
1.943251729011535645e+00,1.005238294601440430e+00
-1.569100499153137207e+00,-5.892668366432189941e-01
8.265527486801147461e-01,1.010418653488159180e+00
7.120195627212524414e-01,1.327793896198272705e-01
2.820427715778350830e-01,3.120477199554443359e-01
-6.814680099487304688e-01,-7.036214470863342285e-01
-3.350049555301666260e-01,-2.456181943416595459e-01
1.752363085746765137e+00,6.434652805328369141e-01
-5.349608063697814941e-01,8.228680491447448730e-02
-2.036777734756469727e+00,-3.164978027343750000e-01
-7.053291797637939453e-01,-4.756195545196533203e-01
1.775311529636383057e-01,5.874119400978088379e-01
-1.182550907135009766e+00,-8.717389702796936035e-01
1.967112779617309570e+00,1.064679384231567383e+00
1.036530375480651855e+00,3.870826363563537598e-01
1.819174051284790039e+00,1.245867490768432617e+00
5.974863767623901367e-01,1.576298773288726807e-01
-4.294948577880859375e-01,-1.726183146238327026e-01
-3.578699007630348206e-02,3.985665440559387207e-01
-4.524015486240386963e-01,1.652451157569885254e-01
9.792637228965759277e-01,-9.346891939640045166e-02
9.506304264068603516e-01,4.606683254241943359e-01
-3.378683030605316162e-01,-5.571128726005554199e-01
-6.242014169692993164e-01,-7.862974703311920166e-02
5.211308002471923828e-01,4.781913161277770996e-01
1.265596747398376465e+00,-2.317898571491241455e-01
1.399218916893005371e+00,8.321304917335510254e-01
9.172248840332031250e-01,6.892627477645874023e-01
4.113698005676269531e-01,4.339460134506225586e-01
6.213474273681640625e-01,9.354848265647888184e-01
1.222646832466125488e+00,1.050243735313415527e+00
1.880300641059875488e-01,2.207719385623931885e-01
4.113698005676269531e-01,2.883504331111907959e-01
-3.092350363731384277e-01,-1.026423811912536621e+00
-7.912290096282958984e-01,1.099068298935890198e-01
-4.027704298496246338e-01,1.234269738197326660e-01
4.447754323482513428e-01,1.579255014657974243e-01
3.970531821250915527e-01,1.528848409652709961e-01
-1.665457189083099365e-01,3.736520111560821533e-01
-1.710835337638854980e+00,-2.792856693267822266e-01
1.260824561119079590e+00,1.303477525711059570e+00
6.118029952049255371e-01,6.340814232826232910e-01
-6.022492051124572754e-01,-2.354533672332763672e-01
-2.662850022315979004e-01,8.546094894409179688e-01
4.686364829540252686e-01,3.473896980285644531e-01
-1.063245534896850586e+00,-1.071930885314941406e+00
-8.341790437698364258e-01,-4.272280037403106689e-01
-4.667182862758636475e-01,-1.776366680860519409e-01
3.092443645000457764e-01,4.683115780353546143e-01
3.436464443802833557e-02,-1.966402828693389893e-01
-1.812969893217086792e-02,1.550473868846893311e-01
2.095962524414062500e+00,2.293448925018310547e+00
1.823033690452575684e-01,7.618327438831329346e-02
-7.244180440902709961e-01,-3.621477484703063965e-01
-4.180415570735931396e-01,-5.065095424652099609e-02
-8.007734417915344238e-01,-6.213053464889526367e-01
-2.281073033809661865e-01,1.149154379963874817e-01
-7.015112042427062988e-01,-5.792862772941589355e-01
2.524549961090087891e-01,2.765174806118011475e-01
1.451713323593139648e+00,1.023257613182067871e+00
-1.330489635467529297e+00,-4.709882140159606934e-01
-2.548317015171051025e-01,-1.593972444534301758e-01
-5.860237479209899902e-01,-4.120204448699951172e-01
-1.888839125633239746e+00,-1.121470332145690918e+00
1.456485509872436523e+00,1.023257851600646973e+00
3.159254491329193115e-01,-6.956255435943603516e-01
-1.149145364761352539e+00,-9.172891378402709961e-01
2.300256043672561646e-01,-1.295443177223205566e-01
-1.874522328376770020e+00,3.112200275063514709e-02
5.345349758863449097e-02,-7.467782124876976013e-04
2.252533882856369019e-01,1.746753603219985962e-01
-4.676309227943420410e-02,-1.848813593387603760e-01
5.502413511276245117e-01,6.097650527954101562e-01
6.833862662315368652e-01,1.560219973325729370e-01
3.302421867847442627e-01,-2.965397834777832031e-01
-2.275388717651367188e+00,-1.570756435394287109e+00
6.929306387901306152e-01,5.640245079994201660e-01
5.736252069473266602e-01,-5.902418866753578186e-02
-1.565241068601608276e-01,4.306371808052062988e-01
1.122430205345153809e+00,5.062780976295471191e-01
-3.244633972644805908e-02,-2.665432095527648926e-01
-5.239848494529724121e-01,-4.445548951625823975e-01
-6.576068401336669922e-01,-2.121628522872924805e-01
5.564452409744262695e-01,6.079891324043273926e-01
-3.808182179927825928e-01,-7.369939684867858887e-01
2.004800550639629364e-02,2.274290621280670166e-01
1.704640746116638184e+00,1.381429791450500488e+00
-4.046794176101684570e-01,5.136161446571350098e-01
-2.853739559650421143e-01,4.306689277291297913e-02
2.004800550639629364e-02,-2.737342119216918945e-01
8.408694267272949219e-01,5.048679709434509277e-01
-4.199087619781494141e-02,3.121806383132934570e-01
1.050846934318542480e+00,5.565468072891235352e-01
9.888081550598144531e-01,9.620523452758789062e-01
8.074638843536376953e-01,-6.062572598457336426e-01
-9.925743192434310913e-02,5.513997375965118408e-02
-2.920550405979156494e-01,4.907384216785430908e-01
-4.986920952796936035e-01,-4.241648018360137939e-01
6.061187386512756348e-02,-1.135492473840713501e-01
-3.808182179927825928e-01,2.947948873043060303e-01
7.311084270477294922e-01,5.043960642069578171e-03
-1.040815830230712891e+00,-8.784846663475036621e-01
1.022213697433471680e+00,6.341214179992675781e-01
-7.540056705474853516e-01,5.723872780799865723e-02
-2.323111057281494141e+00,-1.774850487709045410e+00
-1.812969893217086792e-02,7.090654224157333374e-02
1.222646832466125488e+00,1.127551555633544922e+00
4.590920507907867432e-01,2.810856699943542480e-01
2.204811722040176392e-01,-6.062576174736022949e-01
-5.096681118011474609e-01,-5.072695016860961914e-01
-2.319251447916030884e-01,8.025918155908584595e-02
-1.040296480059623718e-01,-7.369948625564575195e-01
8.551861047744750977e-01,2.567252814769744873e-01
6.213474273681640625e-01,-2.749361991882324219e-01
-1.409231185913085938e+00,-4.611535742878913879e-02
-1.678861498832702637e+00,-1.112267494201660156e+00
-2.758295536041259766e-01,-3.491846024990081787e-01
1.074708104133605957e+00,7.590669393539428711e-01
5.402197241783142090e-01,1.554552167654037476e-01
5.607402920722961426e-01,1.753022670745849609e-01
-7.196456789970397949e-01,1.215446814894676208e-01
1.690324187278747559e+00,6.443595290184020996e-01
1.318091154098510742e+00,7.583115696907043457e-01
1.504207611083984375e+00,1.134808301925659180e+00
2.395700365304946899e-01,-3.081123828887939453e-01
-1.565241068601608276e-01,-1.711599975824356079e-01
-7.062415778636932373e-02,-7.319779396057128906e-01
7.311084270477294922e-01,1.445165425539016724e-01
5.402197241783142090e-01,-1.654547154903411865e-01
-5.860237479209899902e-01,1.210942193865776062e-01
8.408694267272949219e-01,1.056008711457252502e-01
3.397866189479827881e-01,1.228974834084510803e-01
2.190494984388351440e-01,1.691967844963073730e-01
1.103341341018676758e+00,7.773408293724060059e-01
8.304126560688018799e-02,2.494858950376510620e-01
-1.445022702217102051e+00,-9.013847708702087402e-01
-7.148736119270324707e-01,-2.768785357475280762e-01
-1.478916127234697342e-02,4.032560586929321289e-01
8.599582910537719727e-01,8.274080753326416016e-01
1.117658019065856934e+00,5.899969339370727539e-01
9.926260113716125488e-01,-2.945057153701782227e-01
-2.016734600067138672e+00,-1.620760083198547363e+00
5.202182009816169739e-02,3.437508940696716309e-01
6.452084779739379883e-01,1.422676742076873779e-01
-1.244589567184448242e+00,-4.197842180728912354e-01
-2.137906551361083984e-01,-1.085668653249740601e-01
-6.107972934842109680e-02,-5.880229547619819641e-02
-1.120512008666992188e+00,-1.952761709690093994e-01
-5.526181459426879883e-01,8.972512930631637573e-02
9.129298925399780273e-01,6.204723715782165527e-01
1.966200023889541626e-01,-6.062576770782470703e-01
9.506304264068603516e-01,-2.749360799789428711e-01
-6.107972934842109680e-02,2.556609213352203369e-01
-7.339624762535095215e-01,1.157105490565299988e-01
7.463794946670532227e-01,6.994950771331787109e-01
1.340043425559997559e+00,1.326819658279418945e+00
-1.196867465972900391e+00,-1.175934553146362305e+00
7.836028337478637695e-01,9.473479986190795898e-01
1.122430205345153809e+00,6.802255511283874512e-01
9.315415620803833008e-01,7.508025765419006348e-01
-2.700116157531738281e+00,-1.240505218505859375e+00
1.050846934318542480e+00,4.701207876205444336e-01
3.016088008880615234e-01,2.581132948398590088e-01
-9.439400434494018555e-01,3.291912376880645752e-01
-2.567405700683593750e-01,-3.930841386318206787e-01
3.445588350296020508e-01,-2.865269482135772705e-01
-3.426405191421508789e-01,-8.446913361549377441e-01
-1.831572294235229492e+00,-4.815230965614318848e-01
-5.888868570327758789e-01,5.723720043897628784e-02
-1.550488829612731934e+00,-4.992304444313049316e-01
-1.039384365081787109e+00,1.852946281433105469e-01
4.495476186275482178e-01,1.281049847602844238e-01
5.211308002471923828e-01,3.722260594367980957e-01
1.794400066137313843e-01,9.957074373960494995e-02
-6.528347134590148926e-01,-4.540629088878631592e-01
1.155835866928100586e+00,1.168592810630798340e+00
-4.524015486240386963e-01,-1.394373297691345215e+00
7.377895116806030273e-01,7.503657937049865723e-01
-1.702722430229187012e+00,-4.239227473735809326e-01
2.205723524093627930e+00,3.132663011550903320e+00
3.302421867847442627e-01,9.921329617500305176e-01
1.365813374519348145e+00,1.010121226310729980e+00
-9.964342713356018066e-01,-1.720980554819107056e-01
-6.647652983665466309e-01,-3.652601540088653564e-01
2.002427101135253906e+00,5.687010288238525391e-01
1.679867208003997803e-01,5.101167559623718262e-01
5.068141818046569824e-01,-2.858566939830780029e-01
1.160607933998107910e+00,7.728539705276489258e-01
6.375729441642761230e-01,-2.591314315795898438e-01
3.483765423297882080e-01,-3.661344200372695923e-02
-6.194291114807128906e-01,-6.693264842033386230e-01
1.170152425765991211e+00,1.256646513938903809e+00
1.966200023889541626e-01,7.285493612289428711e-02
1.456485509872436523e+00,5.400655865669250488e-01
5.020419955253601074e-01,1.059265583753585815e-01
-1.884066820144653320e+00,-4.960343837738037109e-01
-8.723567128181457520e-01,1.914255321025848389e-01
3.684198856353759766e-01,-2.858567535877227783e-01
-1.860699988901615143e-02,-3.689610064029693604e-01
9.591530542820692062e-04,2.456710636615753174e-01
-1.215956330299377441e+00,-5.646509528160095215e-01
-7.387345433235168457e-01,-7.340034842491149902e-01
1.623513102531433105e+00,1.406642913818359375e+00
8.647304773330688477e-01,1.183805465698242188e+00
1.260824561119079590e+00,2.949197888374328613e-01
-6.576068401336669922e-01,-7.160474359989166260e-02
2.443422377109527588e-01,8.257082700729370117e-01
-1.592961430549621582e+00,-7.568155527114868164e-01
5.068141818046569824e-01,6.019657850265502930e-01
6.022585630416870117e-01,1.520651727914810181e-01
-7.053291797637939453e-01,-3.491135686635971069e-02
-9.081482887268066406e-01,-1.357557326555252075e-01
-6.576068401336669922e-01,7.423034310340881348e-02
3.159254491329193115e-01,4.964568316936492920e-01
1.752363085746765137e+00,1.630153059959411621e+00
-1.040296480059623718e-01,-5.596351027488708496e-01
3.350144028663635254e-01,4.904174804687500000e-01
8.170083165168762207e-01,4.812201559543609619e-01
-1.153917431831359863e+00,5.932043790817260742e-01
-1.326629221439361572e-01,4.878450632095336914e-01
-5.478457808494567871e-01,-7.730752229690551758e-02
1.797698974609375000e+00,3.284939527511596680e-01
5.402197241783142090e-01,9.648886322975158691e-01
1.341952204704284668e+00,1.251716971397399902e+00
-2.996906042098999023e-01,-3.917743861675262451e-01
2.863377928733825684e-01,4.708669483661651611e-01
1.141519069671630859e+00,8.697611689567565918e-01
1.599652051925659180e+00,1.559995651245117188e+00
-1.936561107635498047e+00,-8.100540637969970703e-01
-8.819011449813842773e-01,4.130005836486816406e-02
-2.342199802398681641e+00,-4.456582665443420410e-01
-6.432902812957763672e-01,-5.283842682838439941e-01
-2.376517206430435181e-01,-1.737241744995117188e-01
-1.904067844152450562e-01,2.923516035079956055e-01
3.922809660434722900e-01,-2.024728208780288696e-01
1.489890933036804199e+00,7.927358150482177734e-01
-8.852416872978210449e-01,-3.359573483467102051e-01
-6.719235777854919434e-01,-1.016494035720825195e-01
3.111532330513000488e-01,4.610852003097534180e-01
-4.519243538379669189e-01,-2.268536537885665894e-01
-2.949183881282806396e-01,-2.750434353947639465e-02
4.400030970573425293e-01,3.690585196018218994e-01
-7.864567041397094727e-01,-8.126054704189300537e-02
1.074708104133605957e+00,7.377772927284240723e-01
-7.358711957931518555e-01,-2.351989299058914185e-01
-7.530512809753417969e-01,-8.830733895301818848e-01
-1.183462888002395630e-01,9.865973889827728271e-02
2.920643687248229980e-01,-3.437589854001998901e-02
-2.694866895675659180e+00,-8.584576249122619629e-01
-3.617293834686279297e-01,1.192622333765029907e-01
-7.625957131385803223e-01,-2.821685969829559326e-01
-2.958727777004241943e-01,8.940310776233673096e-02
-2.476734519004821777e-01,6.093478202819824219e-01
-6.337458491325378418e-01,-3.702672943472862244e-02
-8.389511108398437500e-01,3.059831261634826660e-02
-2.615127861499786377e-01,-7.652422785758972168e-01
1.074708104133605957e+00,9.046065211296081543e-01
4.490703344345092773e-01,3.375709354877471924e-01
4.256864488124847412e-01,9.038828015327453613e-01
-1.288493990898132324e+00,-7.871024608612060547e-01
-1.422073543071746826e-01,-3.178664445877075195e-01
5.640807747840881348e-01,-4.652864858508110046e-02
-3.283239006996154785e-01,-2.293048053979873657e-01
6.929306387901306152e-01,3.631297647953033447e-01
-9.257636219263076782e-02,5.854261517524719238e-01
-1.569100499153137207e+00,-5.534454584121704102e-01
1.981429457664489746e+00,1.617820143699645996e+00
5.846013426780700684e-01,7.722021341323852539e-01
1.680779695510864258e+00,1.554095625877380371e+00
1.050357893109321594e-02,-3.053199946880340576e-01
8.647304773330688477e-01,4.764837324619293213e-01
8.026916980743408203e-01,2.899102866649627686e-01
-7.482789754867553711e-01,-7.031234502792358398e-01
-5.717069506645202637e-01,-5.976433753967285156e-01
-5.068047642707824707e-01,8.703827857971191406e-02
-7.816845774650573730e-01,9.283047914505004883e-02
5.020419955253601074e-01,5.351275801658630371e-01
8.170083165168762207e-01,2.530063390731811523e-01
-6.647652983665466309e-01,-9.697579741477966309e-01
-2.042462378740310669e-01,-3.916235566139221191e-01
6.929306387901306152e-01,-2.766884565353393555e-01
6.638201475143432617e-01,3.245473802089691162e-01
5.974863767623901367e-01,-3.551661595702171326e-02
-4.996464848518371582e-01,-3.233491443097591400e-03
1.038439273834228516e+00,3.922430276870727539e-01
-7.578234076499938965e-01,-5.808224081993103027e-01
-4.309265315532684326e-01,-2.684421241283416748e-01
3.445588350296020508e-01,-1.686851680278778076e-01
1.170152425765991211e+00,7.809222340583801270e-01
1.017441391944885254e+00,1.744370162487030029e-01
-5.144404172897338867e-01,8.048823475837707520e-02
1.236963510513305664e+00,1.108974695205688477e+00
-1.656431913375854492e+00,-4.148693978786468506e-01
1.050846934318542480e+00,7.934646606445312500e-01
-1.005978703498840332e+00,2.563802897930145264e-01
1.767156839370727539e+00,8.875445723533630371e-01
-3.497988879680633545e-01,-3.009089231491088867e-01
2.482021786272525787e-02,2.972151041030883789e-01
1.685552000999450684e+00,1.485965967178344727e+00
2.482021786272525787e-02,-7.655513286590576172e-02
2.524549961090087891e-01,4.274255931377410889e-01
4.447754323482513428e-01,5.440664887428283691e-01
-2.044890642166137695e+00,-4.320674538612365723e-01
-8.938317298889160156e-01,3.093450963497161865e-01
1.479860488325357437e-02,6.362032890319824219e-01
-1.058473110198974609e+00,-8.123278617858886719e-02
-7.248952388763427734e-01,4.660128057003021240e-01
1.050846934318542480e+00,1.045042514801025391e+00
3.254699707031250000e-01,3.274435400962829590e-01
-5.335292816162109375e-01,-8.214488625526428223e-01
6.738418340682983398e-01,-3.284600973129272461e-01
7.597417235374450684e-01,1.096662580966949463e-01
5.736252069473266602e-01,-8.185359835624694824e-02
-8.771288394927978516e-01,-4.562176764011383057e-01
1.705595254898071289e+00,1.252158284187316895e+00
-1.058473110198974609e+00,-8.407858014106750488e-01
4.590920507907867432e-01,4.537201821804046631e-01
7.645139098167419434e-01,6.671438813209533691e-01
-2.361288785934448242e+00,-8.629554510116577148e-01
1.932794600725173950e-01,3.141414821147918701e-01
-6.289735436439514160e-01,4.163268953561782837e-02
-1.044156432151794434e+00,-2.684418857097625732e-01
9.425176382064819336e-01,-1.627111732959747314e-01
2.586588859558105469e-01,-1.425390958786010742e+00
2.395700365304946899e-01,-1.582730710506439209e-01
-1.565241068601608276e-01,3.005050122737884521e-01
1.031758069992065430e+00,1.065998673439025879e+00
1.108113646507263184e+00,2.667809128761291504e-01
4.218687415122985840e-01,2.764443755149841309e-01
-6.089302897453308105e-01,2.385538071393966675e-01
-5.955681800842285156e-01,-3.791190981864929199e-01
7.692861557006835938e-01,2.254402637481689453e+00
-8.031595945358276367e-01,2.383545488119125366e-01
3.751009702682495117e-01,4.822562634944915771e-01
1.399218916893005371e+00,1.499897480010986328e+00
-1.096650838851928711e+00,-2.926020324230194092e-02
1.508979797363281250e+00,1.987107992172241211e-01
-1.239817500114440918e+00,-1.625050187110900879e+00
2.395700365304946899e-01,-1.686859130859375000e-01
1.442168831825256348e+00,7.329266667366027832e-01
7.167918086051940918e-01,2.351996004581451416e-01
1.174924731254577637e+00,4.493306875228881836e-01
8.217805027961730957e-01,7.078279256820678711e-01
-1.029839873313903809e+00,-8.140642642974853516e-01
1.298090219497680664e-01,7.462137192487716675e-02
8.360972404479980469e-01,2.219589352607727051e-01
-1.034611940383911133e+00,-7.524023652076721191e-01
1.905074000358581543e+00,8.240873813629150391e-01
-5.287569761276245117e-01,-1.276945322751998901e-01
1.536700874567031860e-01,-3.152650296688079834e-01
1.003124833106994629e+00,4.269883334636688232e-01
1.679867208003997803e-01,-2.101988345384597778e-01
5.068141818046569824e-01,8.551548123359680176e-01
4.209142327308654785e-01,2.330200374126434326e-01
9.163131564855575562e-02,3.767844438552856445e-01
2.061645388603210449e-01,6.370330452919006348e-01
1.661690831184387207e+00,1.996639490127563477e+00
3.302421867847442627e-01,1.740449517965316772e-01
7.501972913742065430e-01,3.957518637180328369e-01
-4.333126842975616455e-01,-8.830693364143371582e-01
-6.766956448554992676e-01,-3.446559309959411621e-01
1.698955893516540527e-01,-5.450088903307914734e-02
7.167918086051940918e-01,6.053898334503173828e-01
-1.273222804069519043e+00,-8.281822800636291504e-01
-1.803851723670959473e-01,-1.078547239303588867e+00
-3.721866384148597717e-02,-4.074246883392333984e-01
1.488978713750839233e-01,1.810340285301208496e-01
3.827365338802337646e-01,4.421325623989105225e-01
-4.748309254646301270e-01,-1.056067943572998047e+00
-4.619459509849548340e-01,-1.458691507577896118e-01
-4.714903831481933594e-01,-1.342098116874694824e-01
-1.631139159202575684e+00,-1.270919322967529297e+00
-1.040296480059623718e-01,-9.341735243797302246e-01
6.977028846740722656e-01,1.515864878892898560e-01
1.671235322952270508e+00,2.856640815734863281e-01
-2.471961528062820435e-01,-3.004058599472045898e-01
-6.289735436439514160e-01,2.313430160284042358e-01
-8.198623061180114746e-01,-1.227751672267913818e-01
6.929306387901306152e-01,5.962516665458679199e-01
-1.731355786323547363e+00,-8.591749668121337891e-01
1.141519069671630859e+00,5.279980301856994629e-01
5.736252069473266602e-01,7.771675288677215576e-02
1.384902238845825195e+00,7.288230061531066895e-01
6.642974019050598145e-01,1.951540410518646240e-01
-7.549600601196289062e-01,6.103864312171936035e-01
5.044280886650085449e-01,2.194110304117202759e-03
8.456416726112365723e-01,4.151538610458374023e-01
-2.289705038070678711e+00,-8.979017734527587891e-01
-1.231184974312782288e-01,-2.434529066085815430e-01
-2.070183038711547852e+00,-1.587319016456604004e+00
8.790471553802490234e-01,5.108442902565002441e-01
5.211308002471923828e-01,7.722982764244079590e-02
-2.901461720466613770e-01,-6.690072417259216309e-01
1.981429457664489746e+00,1.074121594429016113e+00
-1.354350566864013672e+00,-7.509759664535522461e-01
-2.290191128849983215e-02,-2.847032248973846436e-01
-2.567405700683593750e-01,2.082089483737945557e-01
-2.796472609043121338e-01,5.677348971366882324e-01
1.103341341018676758e+00,6.310018301010131836e-01
-4.953515827655792236e-01,2.015243023633956909e-01
6.738418340682983398e-01,7.957583665847778320e-02
-5.764793157577514648e-01,-5.037840604782104492e-01
-3.235516846179962158e-01,-3.887203633785247803e-01
-2.647621870040893555e+00,-1.596905112266540527e+00
5.731366109102964401e-03,-7.478523850440979004e-01
-6.318368911743164062e-01,3.576035797595977783e-02
-2.037255048751831055e+00,-1.380665063858032227e+00
-4.524015486240386963e-01,1.124904453754425049e-01
-2.595127344131469727e+00,-8.347876071929931641e-01
-1.101423144340515137e+00,1.852367520332336426e-01
5.211308002471923828e-01,3.415344953536987305e-01
-1.335261702537536621e+00,-8.140372037887573242e-01
6.356640458106994629e-01,7.491794824600219727e-01
-4.299721419811248779e-01,1.863308101892471313e-01
1.050357893109321594e-02,4.427857100963592529e-01
-1.247452974319458008e+00,-5.750671029090881348e-01
-1.864977955818176270e+00,4.421856626868247986e-02
-2.299249887466430664e+00,-9.374462962150573730e-01
2.347978204488754272e-01,1.040540337562561035e-01
2.710666656494140625e-01,1.805337965488433838e-01
1.351496696472167969e+00,2.343587577342987061e-01
1.060391426086425781e+00,1.038235068321228027e+00
-1.111922025680541992e+00,-3.134732842445373535e-01
-5.669346451759338379e-01,-2.259005904197692871e-01
1.050357893109321594e-02,-2.882884815335273743e-02
-6.003402471542358398e-01,-4.914512038230895996e-01
1.761907458305358887e+00,1.492442488670349121e+00
1.232191205024719238e+00,8.052356839179992676e-01
-2.552177190780639648e+00,-3.722319602966308594e-01
6.308918595314025879e-01,1.175744533538818359e-01
-3.650699257850646973e-01,-1.146132946014404297e-01
7.883750200271606445e-01,7.717912197113037109e-01
9.792637228965759277e-01,7.570101618766784668e-01
-6.337458491325378418e-01,2.557245492935180664e-01
8.695027232170104980e-01,7.375791072845458984e-01
1.213102340698242188e+00,8.304150104522705078e-01
3.206976652145385742e-01,-6.040738224983215332e-01
-7.578234076499938965e-01,-1.412212133407592773e+00
1.637829661369323730e+00,7.981336712837219238e-01
1.536700874567031860e-01,2.317750602960586548e-01
-1.005978703498840332e+00,-2.467373907566070557e-01
4.304586648941040039e-01,3.328463435173034668e-01
-8.690162301063537598e-01,5.032571032643318176e-02
3.980076611042022705e-01,5.156317353248596191e-01
1.160607933998107910e+00,3.980163931846618652e-01
1.011757403612136841e-01,-3.448336124420166016e-01
-7.148736119270324707e-01,-4.722518324851989746e-01
3.970531821250915527e-01,-2.302069664001464844e-01
-3.330960869789123535e-01,-6.938516497611999512e-01
8.360972404479980469e-01,4.654597938060760498e-01
7.072473168373107910e-01,5.973305106163024902e-01
-5.535303056240081787e-02,3.894209265708923340e-01
1.943251729011535645e+00,9.281035661697387695e-01
2.482021786272525787e-02,-1.840314269065856934e-01
-1.678861498832702637e+00,-1.270736932754516602e+00
3.350144028663635254e-01,3.724676668643951416e-01
-1.756129562854766846e-01,-4.758302569389343262e-01
-1.517517715692520142e-01,2.221604138612747192e-01
-2.265844345092773438e+00,-9.841160774230957031e-01
-4.079287052154541016e+00,-1.585762977600097656e+00
-1.058473110198974609e+00,-1.581770926713943481e-01
3.159254491329193115e-01,5.010098814964294434e-01
1.298090219497680664e-01,2.141223400831222534e-01
-2.662850022315979004e-01,-7.492943108081817627e-02
-2.758295536041259766e-01,-8.318598270416259766e-01
1.079480290412902832e+00,5.285618901252746582e-01
-1.297995746135711670e-01,2.810572087764739990e-01
6.261196136474609375e-01,4.826183617115020752e-01
1.174924731254577637e+00,1.081514716148376465e+00
8.885915875434875488e-01,3.877399265766143799e-01
-2.471049547195434570e+00,-9.371078014373779297e-01
-3.569571673870086670e-01,9.107743203639984131e-02
-6.910124421119689941e-01,-1.004338264465332031e+00
1.747590661048889160e+00,1.277680277824401855e+00
-1.612963229417800903e-01,1.627959161996841431e-01
1.131974697113037109e+00,5.868068337440490723e-01
2.443422377109527588e-01,2.114752382040023804e-01
8.647304773330688477e-01,3.206043317914009094e-02
1.488978713750839233e-01,6.071711778640747070e-01
-1.612963229417800903e-01,5.824028979986906052e-03
-2.576950788497924805e-01,-2.575246989727020264e-01
8.981360793113708496e-01,4.905104637145996094e-01
6.261196136474609375e-01,-1.640588939189910889e-01
-3.378683030605316162e-01,-6.822875738143920898e-01
-1.029839873313903809e+00,-5.707502961158752441e-01
1.074708104133605957e+00,1.081514835357666016e+00
1.728501915931701660e+00,1.549488067626953125e+00
4.877253472805023193e-01,-1.581982076168060303e-01
1.528068780899047852e+00,1.091451287269592285e+00
2.443422377109527588e-01,-1.568664163351058960e-01
-1.517517715692520142e-01,-6.370629072189331055e-01
9.410859942436218262e-01,9.917968511581420898e-01
9.983525872230529785e-01,5.146382451057434082e-01
7.979194521903991699e-01,4.846777021884918213e-01
1.089024782180786133e+00,6.721686720848083496e-01
4.161420166492462158e-01,6.609046366065740585e-03
4.314131438732147217e-01,5.685648918151855469e-01
-6.528347134590148926e-01,3.979600965976715088e-01
-8.055455088615417480e-01,1.045455411076545715e-01
-9.582566022872924805e-01,3.445913642644882202e-02
5.115864276885986328e-01,6.625815033912658691e-01
-4.858071506023406982e-01,-1.318779289722442627e-01
-4.905792474746704102e-01,-5.635550022125244141e-01
-6.585194170475006104e-02,7.272009253501892090e-01
-6.107972934842109680e-02,-1.568665057420730591e-01
-1.017432093620300293e+00,-2.855215072631835938e-01
2.939732372760772705e-01,2.533947229385375977e-01
1.914618253707885742e+00,2.285839080810546875e+00
2.347978204488754272e-01,-1.581984162330627441e-01
9.019964188337326050e-02,-1.289928108453750610e-01
3.063810169696807861e-01,-1.497833728790283203e-01
2.729755342006683350e-01,2.976892292499542236e-01
3.607843220233917236e-01,8.208989500999450684e-01
-2.910093545913696289e+00,-1.560821771621704102e+00
7.254234701395034790e-02,1.949339210987091064e-01
1.733274102210998535e+00,1.652128696441650391e+00
1.823033690452575684e-01,-4.330375231802463531e-03
-1.466020584106445312e+00,-4.833894073963165283e-01
-1.171574711799621582e+00,-4.025965034961700439e-01
-2.290191128849983215e-02,2.166306376457214355e-01
2.075961083173751831e-01,1.377907544374465942e-01
-6.442446708679199219e-01,-3.646336197853088379e-01
-4.810348153114318848e-01,-5.480268597602844238e-01
1.345812380313873291e-01,-6.931580305099487305e-01
9.363137483596801758e-01,3.486492633819580078e-01
-2.567405700683593750e-01,9.333532303571701050e-02
-8.737882971763610840e-01,2.804007530212402344e-01
-1.406845092773437500e+00,-9.975115656852722168e-01
7.454250454902648926e-01,3.293394148349761963e-01
5.822570994496345520e-02,2.994590699672698975e-01
2.548411488533020020e-01,-4.648122191429138184e-01
2.825199365615844727e-01,2.315599322319030762e-01
-3.521849513053894043e-01,1.817727833986282349e-01
6.547529697418212891e-01,2.190096378326416016e-01
3.922809660434722900e-01,5.210598707199096680e-01
9.649471044540405273e-01,9.476146101951599121e-01
3.016088008880615234e-01,8.697569966316223145e-01
3.970531821250915527e-01,1.831607699394226074e+00
-7.539636641740798950e-02,-8.596380949020385742e-01
-8.098406791687011719e-01,-9.864212572574615479e-02
-1.517517715692520142e-01,-2.660386264324188232e-01
1.284685730934143066e+00,1.192854762077331543e+00
8.981360793113708496e-01,4.569373130798339844e-01
-5.287569761276245117e-01,3.461429774761199951e-01
-2.520680665969848633e+00,-3.346367776393890381e-01
9.029082655906677246e-01,-2.324027568101882935e-01
-1.698862612247467041e-01,1.366388350725173950e-01
-1.187322974205017090e+00,-1.866692781448364258e+00
1.679867208003997803e-01,6.237417459487915039e-01
3.483765423297882080e-01,1.527270972728729248e-01
1.107201650738716125e-01,3.419308662414550781e-01
-1.418775677680969238e+00,-2.935528159141540527e-01
-2.133134752511978149e-01,-5.886147171258926392e-02
-1.173006534576416016e+00,-3.779186606407165527e-01
-8.341790437698364258e-01,-1.247417777776718140e-01
1.074708104133605957e+00,9.115752577781677246e-01
-2.647621870040893555e+00,-4.603649675846099854e-01
-8.341790437698364258e-01,3.444190323352813721e-02
6.929306387901306152e-01,3.293130695819854736e-01
1.609196424484252930e+00,1.137093424797058105e+00
-4.194732308387756348e-01,2.367442101240158081e-01
-3.044628202915191650e-01,-3.646326065063476562e-01
4.299690946936607361e-03,2.456215173006057739e-01
-9.534844756126403809e-01,-3.632156550884246826e-01
-8.016858249902725220e-02,6.153455376625061035e-01
-6.585194170475006104e-02,-2.411952614784240723e-01
1.351496696472167969e+00,1.108309984207153320e+00
-1.660685241222381592e-01,2.404806166887283325e-01
4.652959406375885010e-01,5.698750019073486328e-01
-1.349578499794006348e+00,-3.632155656814575195e-01
-7.816845774650573730e-01,6.598892807960510254e-02
6.413907408714294434e-01,5.333809852600097656e-01
4.944064021110534668e-01,4.662246406078338623e-01
1.345812380313873291e-01,-4.523737356066703796e-02
2.787022292613983154e-01,4.503919482231140137e-01
-1.674089193344116211e+00,-8.923078775405883789e-01
-5.621625781059265137e-01,-3.991755843162536621e-01
1.112885832786560059e+00,3.980179131031036377e-01
2.739300131797790527e-01,9.622641652822494507e-02
-2.996906042098999023e-01,3.583523631095886230e-01
-1.490836143493652344e+00,-9.466598629951477051e-01
-2.806017696857452393e-01,-2.183390855789184570e-01
-1.235045194625854492e+00,-3.716465532779693604e-01
9.052943587303161621e-01,7.033713459968566895e-01
1.065163731575012207e+00,9.247567057609558105e-01
-4.333126842975616455e-01,-3.947789371013641357e-01
1.241735696792602539e+00,9.162609577178955078e-01
-2.290191128849983215e-02,-2.454643547534942627e-01
-2.328795194625854492e-01,-4.725160598754882812e-01
-2.388490438461303711e+00,-1.066001892089843750e+00
9.124526977539062500e-01,4.209284186363220215e-01
6.738418340682983398e-01,3.661594688892364502e-01
-2.901461720466613770e-01,-3.369794487953186035e-01
6.833862662315368652e-01,7.667869925498962402e-01
1.488978713750839233e-01,-1.403227806091308594e+00
-2.647621870040893555e+00,-3.950138986110687256e-01
1.580563187599182129e+00,1.580597877502441406e+00
1.661690831184387207e+00,-5.575125813484191895e-01
5.941457748413085938e-01,8.250309228897094727e-01
1.112885832786560059e+00,7.129240632057189941e-01
-1.411617398262023926e+00,-1.052795410156250000e+00
-1.280858516693115234e+00,-1.049108743667602539e+00
-6.289735436439514160e-01,-8.089784383773803711e-01
3.588754832744598389e-01,-1.371926307678222656e+00
-1.864977955818176270e+00,-3.741986751556396484e-01
-2.443370819091796875e+00,-3.539126515388488770e-01
2.395700365304946899e-01,-2.971698343753814697e-01
2.586588859558105469e-01,4.643256366252899170e-01
4.590920507907867432e-01,-1.568630933761596680e-01
5.020419955253601074e-01,-4.629463553428649902e-01
6.924535036087036133e-01,1.305561065673828125e-01
-5.449824333190917969e-01,-2.397251129150390625e-01
1.843035101890563965e+00,1.387091755867004395e+00
4.781809151172637939e-01,7.270186543464660645e-01
-8.127040266990661621e-01,-8.043608665466308594e-01
5.020419955253601074e-01,3.939313888549804688e-01
5.211308002471923828e-01,6.171098351478576660e-01
1.986201643943786621e+00,1.117941260337829590e+00
-6.623791456222534180e-01,-3.369793891906738281e-01
1.446941018104553223e+00,1.306335330009460449e+00
3.636476695537567139e-01,1.679821014404296875e-01
-5.048959851264953613e-01,-1.150293707847595215e+00
1.251280069351196289e+00,1.096884489059448242e+00
9.267693161964416504e-01,6.847646832466125488e-01
-6.585194170475006104e-02,-9.809929132461547852e-01
-1.254134058952331543e+00,-3.620462417602539062e-01
-6.671512126922607422e-01,7.349395751953125000e-01
9.744915366172790527e-01,9.248984456062316895e-01
4.619553089141845703e-01,1.275143921375274658e-01
7.311084270477294922e-01,3.354863822460174561e-01
9.506304264068603516e-01,5.466877222061157227e-01
3.684198856353759766e-01,-4.933099746704101562e-01
8.026916980743408203e-01,7.904623150825500488e-01
4.590920507907867432e-01,8.940145969390869141e-01
-2.376517206430435181e-01,-1.707412600517272949e-01
2.157089710235595703e-01,-5.216392874717712402e-02
8.360972404479980469e-01,7.372924685478210449e-01
-5.630751699209213257e-02,2.721926867961883545e-01
1.341952204704284668e+00,8.703376650810241699e-01
-3.550482988357543945e-01,6.178100407123565674e-02
-3.813060000538825989e-03,4.657412469387054443e-01
-1.422073543071746826e-01,8.467404544353485107e-02
-3.569571673870086670e-01,-2.453463375568389893e-01
-3.020766675472259521e-01,2.506364583969116211e-01
-5.678470432758331299e-02,2.836832702159881592e-01
-5.907958149909973145e-01,-3.894169628620147705e-01
1.976657152175903320e+00,1.606389045715332031e+00
1.580563187599182129e+00,3.687339782714843750e+00
5.731366109102964401e-03,-1.191845655441284180e+00
1.699868559837341309e+00,7.192351222038269043e-01
