5.072914361953735352e-01,6.777245998382568359e-01
-3.617293834686279297e-01,-3.931373953819274902e-01
-1.545239329338073730e+00,-1.752017617225646973e+00
-7.272813916206359863e-01,-1.400843411684036255e-01
3.259471654891967773e-01,1.633404642343521118e-01
4.543198347091674805e-01,-1.029502987861633301e+00
5.640807747840881348e-01,3.166536092758178711e-01
2.210495948791503906e+00,1.805032730102539062e+00
-4.676309227943420410e-02,-3.016087114810943604e-01
-7.167823314666748047e-01,4.377894699573516846e-01
6.862496137619018555e-01,4.194637835025787354e-01
-5.287569761276245117e-01,-4.749586582183837891e-01
1.217874646186828613e+00,1.425222516059875488e+00
-1.330012440681457520e+00,-1.711621731519699097e-01
-3.665015995502471924e-01,-4.291875660419464111e-01
1.265596747398376465e+00,8.146200180053710938e-01
-9.635061025619506836e-01,-8.823239207267761230e-01
4.018253982067108154e-01,6.960186362266540527e-01
1.065163731575012207e+00,1.311027050018310547e+00
-1.836344718933105469e+00,-1.111117959022521973e+00
-2.036777734756469727e+00,-1.740813016891479492e+00
-1.893611192703247070e+00,-9.763255119323730469e-01
-5.239848494529724121e-01,-1.029503107070922852e+00
-1.020295500755310059e+00,-1.223197802901268005e-01
-7.062415778636932373e-02,-2.412829548120498657e-01
-7.530512809753417969e-01,-1.082449316978454590e+00
1.048938155174255371e+00,1.223539352416992188e+00
4.734086990356445312e-01,5.290771126747131348e-01
6.261196136474609375e-01,9.720804542303085327e-02
-8.971300721168518066e-02,4.880771785974502563e-02
-1.134828567504882812e+00,-1.712232232093811035e+00
-1.125284194946289062e+00,-5.960556864738464355e-01
-3.426405191421508789e-01,-1.650032550096511841e-01
-5.001236796379089355e-01,6.174782514572143555e-01
6.118029952049255371e-01,4.800077974796295166e-01
-1.431197393685579300e-02,-1.016808822751045227e-01
-1.955649971961975098e+00,-1.496192932128906250e+00
7.215639948844909668e-01,5.655681490898132324e-01
-1.788622498512268066e+00,-1.751671791076660156e+00
-1.183462888002395630e-01,4.769652485847473145e-01
-1.120512008666992188e+00,-1.923989504575729370e-01
3.875087499618530273e-01,1.993948817253112793e+00
-3.569571673870086670e-01,-2.835316956043243408e-01
-1.330489635467529297e+00,-8.133634924888610840e-01
-6.242014169692993164e-01,-5.436074137687683105e-01
-2.070183038711547852e+00,-1.391482114791870117e+00
9.983525872230529785e-01,1.341900467872619629e+00
-2.767412550747394562e-02,-2.671650983393192291e-02
-1.002638220787048340e+00,1.060244366526603699e-01
-2.366060972213745117e+00,-2.118837594985961914e+00
5.879418849945068359e-01,1.186766028404235840e+00
-5.621625781059265137e-01,9.008935838937759399e-02
-2.996906042098999023e-01,1.097490042448043823e-01
6.642974019050598145e-01,9.983479380607604980e-01
8.599582910537719727e-01,6.654880046844482422e-01
-9.439400434494018555e-01,-3.827040195465087891e-01
1.981429457664489746e+00,1.743744969367980957e+00
-8.207744359970092773e-02,-2.209104597568511963e-01
-2.323111057281494141e+00,-8.978648185729980469e-01
-2.445279598236083984e+00,-1.720767259597778320e+00
-1.044156432151794434e+00,-5.485337972640991211e-01
-1.478916127234697342e-02,9.989626407623291016e-01
6.261196136474609375e-01,7.497409582138061523e-01
-2.042462378740310669e-01,1.717619299888610840e-01
4.018253982067108154e-01,-5.273305177688598633e-01
1.637829661369323730e+00,1.099644064903259277e+00
3.493310511112213135e-01,4.227275550365447998e-01
7.406528592109680176e-01,2.963727712631225586e-01
-8.914455771446228027e-01,-2.248525172472000122e-01
-2.362720489501953125e+00,-1.459981322288513184e+00
1.260824561119079590e+00,8.909105658531188965e-01
8.456416726112365723e-01,9.160382747650146484e-01
1.389674425125122070e+00,1.252423286437988281e+00
-1.660685241222381592e-01,-2.043676674365997314e-01
1.590107560157775879e+00,1.558801174163818359e+00
5.211308002471923828e-01,5.430037379264831543e-01
-1.249361872673034668e+00,-7.102426290512084961e-01
3.063810169696807861e-01,4.968321919441223145e-01
1.833490610122680664e+00,1.800671935081481934e+00
-7.893200516700744629e-01,-3.722067773342132568e-01
5.306752324104309082e-01,8.084086179733276367e-01
-4.013387560844421387e-01,4.409400522708892822e-01
-8.628123402595520020e-01,-2.216594964265823364e-01
1.256052374839782715e+00,5.606358051300048828e-01
1.158699035644531250e+00,3.260879218578338623e-01
9.840359687805175781e-01,5.525194406509399414e-01
-8.494079858064651489e-02,-2.658377289772033691e-01
9.591530542820692062e-04,-1.050798296928405762e+00
-1.984283566474914551e+00,-1.770439743995666504e+00
-7.764350771903991699e-01,-6.234157085418701172e-01
-8.365649580955505371e-01,-3.216048330068588257e-02
-1.335748564451932907e-02,-7.079926133155822754e-02
-8.723567128181457520e-01,-9.395863115787506104e-02
1.265596747398376465e+00,-1.029497742652893066e+00
-8.069773316383361816e-01,-4.749585390090942383e-01
6.738418340682983398e-01,-4.102250188589096069e-02
2.109367549419403076e-01,3.281342089176177979e-01
3.111532330513000488e-01,-2.253528535366058350e-01
-1.475564956665039062e+00,-2.343032322824001312e-02
-1.488885432481765747e-01,1.006357073783874512e+00
2.328889518976211548e-01,-1.680818386375904083e-02
5.927141308784484863e-01,7.430410981178283691e-01
1.375357747077941895e+00,1.628083705902099609e+00
1.107201650738716125e-01,-7.381058931350708008e-01
1.364900916814804077e-01,3.399873971939086914e-01
1.536700874567031860e-01,-3.776678815484046936e-03
1.102386951446533203e+00,1.117546558380126953e+00
-5.955681800842285156e-01,-3.506637811660766602e-01
-4.046794176101684570e-01,-4.989049434661865234e-01
1.966200023889541626e-01,7.800250500440597534e-02
8.456416726112365723e-01,6.873226165771484375e-01
1.637829661369323730e+00,1.215172290802001953e+00
-4.175643622875213623e-01,-3.303235396742820740e-03
1.437396645545959473e+00,1.483168959617614746e+00
1.107201650738716125e-01,-2.800266742706298828e-01
1.265596747398376465e+00,1.369013428688049316e+00
2.968365848064422607e-01,7.503769993782043457e-01
1.775311529636383057e-01,1.213138341903686523e+00
3.636476695537567139e-01,7.788156867027282715e-01
-9.845036864280700684e-01,-3.513135015964508057e-01
-5.573902130126953125e-01,5.854127407073974609e-01
3.350144028663635254e-01,1.158682227134704590e+00
1.628285288810729980e+00,1.186240196228027344e+00
9.601748585700988770e-01,1.148971915245056152e+00
1.246507883071899414e+00,1.199222683906555176e+00
-1.979511141777038574e+00,-1.111117839813232422e+00
-5.192125439643859863e-01,-5.711444020271301270e-01
-8.337016105651855469e-01,-1.016635060310363770e+00
1.733274102210998535e+00,1.763088822364807129e+00
-2.369401454925537109e+00,-1.595057368278503418e+00
1.136746883392333984e+00,7.058787345886230469e-01
-9.057621359825134277e-01,-2.542628347873687744e-01
1.112885832786560059e+00,1.099378824234008789e+00
6.299792230129241943e-02,-2.257148772478103638e-01
3.254699707031250000e-01,2.223740220069885254e-01
-1.640683650970458984e+00,-1.077333018183708191e-01
1.609196424484252930e+00,1.118284225463867188e+00
-2.949183881282806396e-01,-4.929659366607666016e-01
-8.150901794433593750e-01,4.502229690551757812e-01
1.594879746437072754e+00,-1.029499769210815430e+00
-1.573872566223144531e+00,-9.032397270202636719e-01
1.107201650738716125e-01,-1.584568470716476440e-01
6.666834950447082520e-01,5.045539736747741699e-01
2.176178246736526489e-01,1.596875786781311035e-01
8.170083165168762207e-01,5.501608252525329590e-01
-1.573872566223144531e+00,-1.391128182411193848e+00
1.706072449684143066e+00,-6.098604202270507812e-02
-2.996906042098999023e-01,-2.682151794433593750e-01
-1.650228261947631836e+00,-1.154010772705078125e+00
-1.779078125953674316e+00,-1.423756718635559082e+00
-1.153917431831359863e+00,-7.120605707168579102e-01
5.731366109102964401e-03,6.153885126113891602e-01
-1.469795703887939453e-01,4.687833786010742188e-02
1.284685730934143066e+00,5.669616460800170898e-01
3.412182927131652832e-01,-1.202740594744682312e-01
-2.185628712177276611e-01,-1.029505133628845215e+00
5.545364022254943848e-01,3.813858330249786377e-01
-3.808182179927825928e-01,-3.767609894275665283e-01
8.742749094963073730e-01,9.124848842620849609e-01
-1.149145364761352539e+00,-8.821037411689758301e-01
-6.766956448554992676e-01,-8.350842595100402832e-01
1.122430205345153809e+00,5.641433596611022949e-01
-4.524015486240386963e-01,5.010312199592590332e-01
9.601748585700988770e-01,8.199555873870849609e-01
-1.352441906929016113e+00,-1.034965515136718750e+00
1.298090219497680664e-01,-3.560860455036163330e-01
-2.996948003768920898e+00,-1.063644528388977051e+00
1.071367621421813965e+00,8.510428071022033691e-01
-4.161326885223388672e-01,5.430892109870910645e-02
-1.053701043128967285e+00,-1.163598775863647461e+00
4.018253982067108154e-01,5.245726108551025391e-01
-6.585614085197448730e-01,-5.594171285629272461e-01
-7.912290096282958984e-01,-4.688475131988525391e-01
-5.430737137794494629e-01,-2.940478026866912842e-01
-2.328795194625854492e-01,-3.828710913658142090e-01
-8.016858249902725220e-02,4.494831860065460205e-01
1.122430205345153809e+00,2.082135975360870361e-01
2.252533882856369019e-01,8.096953630447387695e-01
5.783974528312683105e-01,3.364162743091583252e-01
1.194013595581054688e+00,1.385881066322326660e+00
4.734086990356445312e-01,4.901791512966156006e-01
5.068141818046569824e-01,-2.658373117446899414e-01
1.485118746757507324e+00,2.064411878585815430e+00
2.013922184705734253e-01,8.922578394412994385e-02
-7.244180440902709961e-01,-2.085873126983642578e+00
3.813048601150512695e-01,3.487751781940460205e-01
-1.899295896291732788e-01,-5.883524417877197266e-01
7.883750200271606445e-01,1.120587825775146484e+00
7.616506218910217285e-01,5.874874591827392578e-01
-1.449795126914978027e+00,-1.258128046989440918e+00
9.267693161964416504e-01,7.309461236000061035e-01
2.682033181190490723e-01,1.063390895724296570e-01
4.161420166492462158e-01,5.682035684585571289e-01
8.360972404479980469e-01,1.120587706565856934e+00
2.825199365615844727e-01,1.106144860386848450e-02
1.154923811554908752e-01,7.490592449903488159e-02
-8.971300721168518066e-02,-4.665327072143554688e-02
-7.960010766983032227e-01,-1.920516937971115112e-01
4.734086990356445312e-01,-1.029505252838134766e+00
3.159254491329193115e-01,4.572227001190185547e-01
-7.482789754867553711e-01,-8.896213769912719727e-01
3.016088008880615234e-01,5.959756970405578613e-01
1.270368933677673340e+00,9.433711767196655273e-01
-1.753307938575744629e+00,-1.282807469367980957e+00
1.676007509231567383e+00,1.466083884239196777e+00
-2.017688989639282227e+00,-8.793800473213195801e-01
-2.056779116392135620e-01,-1.056090816855430603e-01
6.404362916946411133e-01,5.765514075756072998e-02
3.397866189479827881e-01,4.422608315944671631e-01
-2.156995236873626709e-01,-3.368183970451354980e-01
1.308546781539916992e+00,1.466190695762634277e+00
-3.760460317134857178e-01,-2.658376395702362061e-01
-2.634217739105224609e-01,-6.979076862335205078e-01
-2.309706509113311768e-01,1.955035030841827393e-01
5.402197241783142090e-01,2.968997359275817871e-01
-1.565241068601608276e-01,1.877938807010650635e-01
-2.710572183132171631e-01,8.023556470870971680e-01
1.718045622110366821e-01,7.704330086708068848e-01
2.443422377109527588e-01,-4.102127254009246826e-02
7.549694776535034180e-01,5.190266370773315430e-01
9.163131564855575562e-02,3.974859714508056641e-01
9.506304264068603516e-01,9.118715524673461914e-01
1.031758069992065430e+00,1.123441219329833984e+00
-2.265844345092773438e+00,-1.832350015640258789e+00
8.170083165168762207e-01,7.020511031150817871e-01
-4.189960360527038574e-01,5.076075792312622070e-01
3.159254491329193115e-01,1.700880080461502075e-01
7.311084270477294922e-01,1.096262216567993164e+00
5.259030461311340332e-01,7.546293735504150391e-01
-5.001236796379089355e-01,-1.148142963647842407e-01
-1.526150465011596680e+00,-5.639991760253906250e-01
9.744915366172790527e-01,9.747290611267089844e-01
1.412581086158752441e+00,8.179968595504760742e-01
8.981360793113708496e-01,8.693937063217163086e-01
1.234100103378295898e+00,1.219108104705810547e+00
-1.416389465332031250e+00,-6.134320497512817383e-01
-2.323111057281494141e+00,-1.905683398246765137e+00
-1.069449424743652344e+00,2.508918642997741699e-01
3.397866189479827881e-01,1.055299282073974609e+00
1.050846934318542480e+00,6.706883907318115234e-01
-2.767412550747394562e-02,-1.460741162300109863e-01
-4.910564422607421875e-01,4.156520366668701172e-01
3.813048601150512695e-01,-2.551916986703872681e-02
-1.517517715692520142e-01,3.809564709663391113e-01
-2.084500074386596680e+00,-1.576887607574462891e+00
-1.824891328811645508e+00,-3.570156097412109375e-01
-1.044156432151794434e+00,-7.908393144607543945e-01
-1.519946575164794922e+00,-5.550396442413330078e-01
-2.847100257873535156e+00,-8.197917938232421875e-01
5.449919700622558594e-01,6.162198781967163086e-01
5.306752324104309082e-01,5.064275264739990234e-01
5.727133527398109436e-02,7.190741300582885742e-01
1.017441391944885254e+00,7.936736345291137695e-01
3.407409787178039551e-01,-5.986098051071166992e-01
2.491144537925720215e-01,6.689487695693969727e-01
-1.612963229417800903e-01,2.784219384193420410e-01
8.217805027961730957e-01,7.422181367874145508e-01
3.350144028663635254e-01,6.689487695693969727e-01
5.306752324104309082e-01,-1.944282799959182739e-01
-4.199087619781494141e-02,4.529175758361816406e-01
9.363137483596801758e-01,6.434757709503173828e-01
-4.619459509849548340e-01,-1.033632233738899231e-01
-6.432902812957763672e-01,4.051733314990997314e-01
4.018253982067108154e-01,2.619538307189941406e-01
1.609196424484252930e+00,1.371075034141540527e+00
-2.003372430801391602e+00,-1.014570236206054688e+00
-1.373916864395141602e+00,-1.081391096115112305e+00
1.823033690452575684e-01,-8.897276595234870911e-03
6.070307493209838867e-01,4.350012838840484619e-01
7.731456309556961060e-02,1.677399575710296631e-01
-8.771288394927978516e-01,-1.199044287204742432e-01
-6.107972934842109680e-02,2.922932058572769165e-02
5.354475378990173340e-01,6.815586984157562256e-02
7.931472659111022949e-01,7.215427160263061523e-01
-5.048959851264953613e-01,-2.163932174444198608e-01
6.299792230129241943e-02,5.534906685352325439e-02
1.408763408660888672e+00,9.982008934020996094e-01
1.155835866928100586e+00,1.021445274353027344e+00
9.864221215248107910e-01,7.558898925781250000e-01
-2.042462378740310669e-01,3.332748115062713623e-01
7.311084270477294922e-01,8.036884069442749023e-01
5.259030461311340332e-01,6.097080707550048828e-01
1.794400066137313843e-01,-5.323132872581481934e-02
1.990973949432373047e+00,1.769346833229064941e+00
1.202645897865295410e-01,2.703672349452972412e-01
1.351496696472167969e+00,6.447104215621948242e-01
5.736252069473266602e-01,1.007195711135864258e+00
1.089024782180786133e+00,1.114495515823364258e+00
-6.432902812957763672e-01,-3.165585696697235107e-01
-7.530512809753417969e-01,-1.685306549072265625e+00
-5.526181459426879883e-01,1.126738823950290680e-02
1.714185237884521484e+00,5.407872200012207031e-01
8.742749094963073730e-01,9.536855220794677734e-01
1.065163731575012207e+00,1.328958988189697266e+00
-2.534000277519226074e-01,2.361746132373809814e-01
-5.511863231658935547e-01,-6.746513843536376953e-01
-1.065154194831848145e+00,-8.274315595626831055e-01
9.640352427959442139e-02,6.815611571073532104e-02
-7.759578824043273926e-01,-8.466726541519165039e-01
1.370585560798645020e+00,1.417755126953125000e+00
5.918019637465476990e-02,-2.209089100360870361e-01
5.960546731948852539e-01,7.256511449813842773e-01
9.974406659603118896e-02,6.873328685760498047e-01
-5.096681118011474609e-01,-1.845562607049942017e-01
-1.545239329338073730e+00,-8.484988212585449219e-01
-8.341790437698364258e-01,-3.192746341228485107e-01
-5.287569761276245117e-01,4.499693512916564941e-01
5.273346900939941406e-01,9.256358146667480469e-01
3.350144028663635254e-01,9.255094528198242188e-01
-3.235516846179962158e-01,1.294953823089599609e-01
-8.055455088615417480e-01,-4.802519083023071289e-01
1.202645897865295410e-01,-1.589504778385162354e-01
7.645139098167419434e-01,9.656585454940795898e-01
3.679427206516265869e-01,1.761280596256256104e-01
-7.673678398132324219e-01,-4.095055907964706421e-02
4.209142327308654785e-01,2.571349740028381348e-01
8.408694267272949219e-01,1.101376771926879883e+00
-9.534844756126403809e-01,2.473505437374114990e-01
-1.320945262908935547e+00,-2.707907855510711670e-01
-7.101012468338012695e-01,-4.450913965702056885e-01
-1.366281151771545410e+00,-3.541513681411743164e-01
7.606961727142333984e-01,5.888584852218627930e-01
-4.676309227943420410e-02,5.294307693839073181e-02
-2.199033260345458984e+00,-1.838319301605224609e+00
6.299792230129241943e-02,2.731701731681823730e-01
1.413535594940185547e+00,1.128415942192077637e+00
5.163586139678955078e-01,7.857898473739624023e-01
-5.907958149909973145e-01,-5.251302719116210938e-01
6.251652240753173828e-01,5.688961744308471680e-01
4.390906915068626404e-02,1.968925446271896362e-01
2.825199365615844727e-01,6.992636919021606445e-01
-3.951349854469299316e-01,-2.154319286346435547e-01
-1.183462888002395630e-01,-9.169305860996246338e-02
1.775311529636383057e-01,-1.610123515129089355e-01
9.410859942436218262e-01,6.104742288589477539e-01
-1.803851723670959473e-01,-6.531118154525756836e-01
-1.064199805259704590e+00,-1.411330550909042358e-01
-1.261769652366638184e+00,-1.648998260498046875e-01
2.252533882856369019e-01,8.191680908203125000e-01
-4.189960360527038574e-01,-5.334289073944091797e-01
-2.552177190780639648e+00,-9.670267105102539062e-01
-1.558124303817749023e+00,-1.678563237190246582e+00
1.775311529636383057e-01,1.451549828052520752e-01
1.265596747398376465e+00,5.126565694808959961e-01
-2.891916930675506592e-01,-8.320254087448120117e-01
5.211308002471923828e-01,5.514739751815795898e-01
1.528068780899047852e+00,1.428990364074707031e+00
1.345812380313873291e-01,-1.615332439541816711e-02
1.375357747077941895e+00,8.811203241348266602e-01
-2.208577394485473633e+00,-1.636481642723083496e+00
-1.411617398262023926e+00,-4.873792827129364014e-01
-2.380377531051635742e+00,-7.828115224838256836e-01
-2.017688989639282227e+00,-1.334334731101989746e+00
-2.233350872993469238e-01,-2.037107646465301514e-01
-2.553132057189941406e+00,-1.005803823471069336e+00
-6.170429587364196777e-01,-5.274450778961181641e-01
8.790471553802490234e-01,7.182164192199707031e-01
-1.947018057107925415e-01,-2.297699600458145142e-01
-3.760460317134857178e-01,3.466456532478332520e-01
-8.962177038192749023e-01,-2.132010906934738159e-01
-7.864567041397094727e-01,-5.194925516843795776e-02
-9.678009748458862305e-01,-1.639650017023086548e-02
4.638642668724060059e-01,6.859000921249389648e-01
-2.744974851608276367e+00,-9.920117855072021484e-01
-5.669346451759338379e-01,-4.141577184200286865e-01
-8.680616021156311035e-01,6.119662523269653320e-01
-1.947018057107925415e-01,2.552086710929870605e-01
3.541032671928405762e-01,2.486301362514495850e-01
6.833862662315368652e-01,-9.183104336261749268e-02
4.590920507907867432e-01,7.052925825119018555e-01
-2.003867551684379578e-02,3.561810255050659180e-01
8.704571723937988281e-01,4.503138661384582520e-01
-2.089272022247314453e+00,-1.376531839370727539e+00
8.885915875434875488e-01,7.723467350006103516e-01
1.466029882431030273e+00,1.413995385169982910e+00
-2.104501277208328247e-01,-7.639398574829101562e-01
6.786140203475952148e-01,9.492398500442504883e-01
-5.192125439643859863e-01,-4.359250366687774658e-01
3.875087499618530273e-01,2.997738718986511230e-01
9.029082655906677246e-01,3.329567611217498779e-01
-1.553352236747741699e+00,-1.868317127227783203e+00
2.204811722040176392e-01,5.589898824691772461e-01
5.974863767623901367e-01,4.699871242046356201e-01
-5.239848494529724121e-01,-3.011619746685028076e-01
1.050846934318542480e+00,1.123756289482116699e+00
1.528068780899047852e+00,1.566647887229919434e+00
-1.817255854606628418e+00,-1.562376737594604492e+00
5.731366109102964401e-03,-6.821089982986450195e-01
5.111092329025268555e-01,3.796710669994354248e-01
-4.743537306785583496e-01,-1.337048888206481934e+00
1.145795360207557678e-02,1.612911522388458252e-01
-8.637666702270507812e-01,-8.156515359878540039e-01
1.138178586959838867e+00,1.340099573135375977e+00
-5.764793157577514648e-01,-1.857603937387466431e-01
2.300256043672561646e-01,-1.944284737110137939e-01
1.775311529636383057e-01,-4.108792543411254883e-01
6.929306387901306152e-01,1.213428378105163574e+00
4.781809151172637939e-01,9.192807674407958984e-01
-2.567405700683593750e-01,-1.067794561386108398e+00
1.322863459587097168e+00,1.321528911590576172e+00
-6.003402471542358398e-01,-6.400595903396606445e-01
3.445588350296020508e-01,2.874965667724609375e-01
7.549694776535034180e-01,1.099925518035888672e+00
3.354915976524353027e-01,3.795742988586425781e-01
3.493310511112213135e-01,3.615392148494720459e-01
-1.979511141777038574e+00,-1.395273089408874512e+00
-6.485396027565002441e-01,-6.985177993774414062e-01
-1.473656058311462402e+00,-6.969090700149536133e-01
-8.923581987619400024e-02,-5.361068248748779297e-02
3.717604279518127441e-01,2.555000483989715576e-01
1.790540695190429688e+00,1.695140719413757324e+00
-4.858071506023406982e-01,1.065265983343124390e-01
-2.914865732192993164e+00,-1.806247234344482422e+00
-9.296233057975769043e-01,-9.298470020294189453e-01
1.809629559516906738e+00,1.533409237861633301e+00
8.170083165168762207e-01,8.561660051345825195e-01
9.267693161964416504e-01,8.847863674163818359e-01
2.080734074115753174e-01,3.967536985874176025e-01
1.060391426086425781e+00,-3.802289962768554688e-01
-3.474127352237701416e-01,-4.837935566902160645e-01
-3.244633972644805908e-02,1.938118040561676025e-01
-2.567405700683593750e-01,-6.992598772048950195e-01
8.074638843536376953e-01,1.024549126625061035e+00
1.460780501365661621e+00,5.865274667739868164e-01
-1.222160220146179199e+00,-8.202401399612426758e-01
4.285497963428497314e-01,4.473018944263458252e-01
-7.539636641740798950e-02,-2.781060039997100830e-01
-2.809876918792724609e+00,-1.766933321952819824e+00
-1.545716524124145508e+00,-2.045527935028076172e+00
-7.244180440902709961e-01,6.495680809020996094e-01
1.318091154098510742e+00,1.303847908973693848e+00
-5.430737137794494629e-01,2.272115275263786316e-02
1.642601966857910156e+00,1.452745556831359863e+00
8.360972404479980469e-01,9.345930814743041992e-01
-1.678861498832702637e+00,-7.778503894805908203e-01
-3.617293834686279297e-01,1.981770098209381104e-01
-1.502289295196533203e+00,-7.194794416427612305e-01
-1.020295500755310059e+00,-6.233053207397460938e-01
-2.328795194625854492e-01,-1.534146964550018311e-01
-1.235045194625854492e+00,-1.731631159782409668e+00
1.054706498980522156e-01,1.284724771976470947e-01
3.206976652145385742e-01,1.099709749221801758e+00
-1.088018566370010376e-01,-6.510154008865356445e-01
3.341015428304672241e-02,3.113869428634643555e-01
-1.040296480059623718e-01,3.125290870666503906e-01
-1.469795703887939453e-01,6.125050783157348633e-01
2.247760891914367676e-01,3.237452208995819092e-01
-3.550482988357543945e-01,1.018400490283966064e-02
1.507071018218994141e+00,2.037533968687057495e-01
4.877253472805023193e-01,1.965969502925872803e-01
1.170152425765991211e+00,8.611077666282653809e-01
4.781809151172637939e-01,2.389295399188995361e-01
-1.335748564451932907e-02,-5.674535036087036133e-02
-1.688405990600585938e+00,-9.396134614944458008e-01
1.282776713371276855e+00,1.982598453760147095e-01
1.084252476692199707e+00,9.959829449653625488e-01
-1.010751008987426758e+00,2.726069688796997070e-01
7.731456309556961060e-02,1.698864996433258057e-01
5.831696391105651855e-01,6.387140601873397827e-02
-4.810348153114318848e-01,-6.416740417480468750e-01
3.321510553359985352e-01,1.422347873449325562e-01
-2.628533124923706055e+00,-1.486176490783691406e+00
1.536700874567031860e-01,-3.594042658805847168e-01
1.862124085426330566e+00,1.339612841606140137e+00
-8.723567128181457520e-01,-3.168872892856597900e-01
4.256864488124847412e-01,2.038243710994720459e-01
-1.135740727186203003e-01,-2.361445426940917969e-01
1.170152425765991211e+00,5.906289815902709961e-01
2.004800550639629364e-02,-7.844063043594360352e-01
5.068141818046569824e-01,8.223619461059570312e-01
-1.106195330619812012e+00,-1.217663645744323730e+00
5.497641563415527344e-01,3.921721875667572021e-01
-6.107972934842109680e-02,2.987540513277053833e-02
1.160607933998107910e+00,7.525918483734130859e-01
-1.053223609924316406e+00,-1.707533746957778931e-01
-1.020295500755310059e+00,1.200990378856658936e-01
8.360972404479980469e-01,4.698015451431274414e-01
1.943251729011535645e+00,1.005808472633361816e+00
-1.569100499153137207e+00,-1.361894130706787109e+00
8.265527486801147461e-01,8.505622744560241699e-01
7.120195627212524414e-01,-1.747512817382812500e-01
2.820427715778350830e-01,7.578490301966667175e-03
-6.814680099487304688e-01,-7.484199404716491699e-01
-3.350049555301666260e-01,-1.120105385780334473e+00
1.752363085746765137e+00,1.065875172615051270e+00
-5.349608063697814941e-01,-4.772226512432098389e-01
-2.036777734756469727e+00,-5.056595206260681152e-01
-7.053291797637939453e-01,-7.844061851501464844e-01
1.775311529636383057e-01,1.264260262250900269e-01
-1.182550907135009766e+00,-1.314975261688232422e+00
1.967112779617309570e+00,9.859225749969482422e-01
1.036530375480651855e+00,8.886294960975646973e-01
1.819174051284790039e+00,1.407350897789001465e+00
5.974863767623901367e-01,7.502750307321548462e-02
-4.294948577880859375e-01,-9.893788695335388184e-01
-3.578699007630348206e-02,-1.307199001312255859e-01
-4.524015486240386963e-01,4.601173400878906250e-01
9.792637228965759277e-01,1.832415014505386353e-01
9.506304264068603516e-01,5.636557340621948242e-01
-3.378683030605316162e-01,-1.433146744966506958e-01
-6.242014169692993164e-01,2.642625272274017334e-01
5.211308002471923828e-01,3.015530109405517578e-01
1.265596747398376465e+00,8.921878039836883545e-02
1.399218916893005371e+00,1.389018177986145020e+00
9.172248840332031250e-01,6.779390573501586914e-01
4.113698005676269531e-01,2.287370860576629639e-01
6.213474273681640625e-01,4.451328814029693604e-01
1.222646832466125488e+00,1.231452226638793945e+00
1.880300641059875488e-01,3.233743906021118164e-01
4.113698005676269531e-01,4.709655642509460449e-01
-3.092350363731384277e-01,-6.163629293441772461e-01
-7.912290096282958984e-01,-1.976481825113296509e-01
-4.027704298496246338e-01,-1.461579650640487671e-01
4.447754323482513428e-01,8.769321441650390625e-02
3.970531821250915527e-01,5.838308930397033691e-01
-1.665457189083099365e-01,3.707178533077239990e-01
-1.710835337638854980e+00,-1.145479798316955566e+00
1.260824561119079590e+00,1.709319829940795898e+00
6.118029952049255371e-01,5.965581536293029785e-01
-6.022492051124572754e-01,-2.745913565158843994e-01
-2.662850022315979004e-01,1.903824359178543091e-01
4.686364829540252686e-01,1.557060033082962036e-01
-1.063245534896850586e+00,-7.344973683357238770e-01
-8.341790437698364258e-01,-1.304606676101684570e+00
-4.667182862758636475e-01,1.520173549652099609e-01
3.092443645000457764e-01,-5.687317997217178345e-02
3.436464443802833557e-02,1.701302528381347656e-01
-1.812969893217086792e-02,2.987574972212314606e-02
2.095962524414062500e+00,1.517771363258361816e+00
1.823033690452575684e-01,-2.719102799892425537e-01
-7.244180440902709961e-01,-1.060674905776977539e+00
-4.180415570735931396e-01,-3.023912906646728516e-01
-8.007734417915344238e-01,-3.555247187614440918e-01
-2.281073033809661865e-01,-6.861490011215209961e-01
-7.015112042427062988e-01,4.102177321910858154e-01
2.524549961090087891e-01,1.692322194576263428e-01
1.451713323593139648e+00,1.262547731399536133e+00
-1.330489635467529297e+00,-1.359868288040161133e+00
-2.548317015171051025e-01,-3.193742036819458008e-01
-5.860237479209899902e-01,3.491795808076858521e-02
-1.888839125633239746e+00,-1.100680351257324219e+00
1.456485509872436523e+00,1.262547612190246582e+00
3.159254491329193115e-01,-8.061971515417098999e-02
-1.149145364761352539e+00,-1.429990082979202271e-01
2.300256043672561646e-01,-1.840275824069976807e-01
-1.874522328376770020e+00,-2.182572335004806519e-01
5.345349758863449097e-02,1.606607884168624878e-01
2.252533882856369019e-01,4.236088097095489502e-01
-4.676309227943420410e-02,-1.213154867291450500e-01
5.502413511276245117e-01,6.715837717056274414e-01
6.833862662315368652e-01,-3.639310300350189209e-01
3.302421867847442627e-01,-6.452305316925048828e-01
-2.275388717651367188e+00,-1.458998441696166992e+00
6.929306387901306152e-01,7.527641057968139648e-01
5.736252069473266602e-01,-4.563334882259368896e-01
-1.565241068601608276e-01,5.937197804450988770e-01
1.122430205345153809e+00,6.774932742118835449e-01
-3.244633972644805908e-02,-3.870017230510711670e-01
-5.239848494529724121e-01,1.541466265916824341e-02
-6.576068401336669922e-01,-1.527032554149627686e-01
5.564452409744262695e-01,7.073919177055358887e-01
-3.808182179927825928e-01,-2.905630767345428467e-01
2.004800550639629364e-02,1.240486428141593933e-01
1.704640746116638184e+00,1.671294331550598145e+00
-4.046794176101684570e-01,2.986934483051300049e-01
-2.853739559650421143e-01,3.608755469322204590e-01
2.004800550639629364e-02,-6.018784046173095703e-01
8.408694267272949219e-01,7.856978774070739746e-01
-4.199087619781494141e-02,3.882209956645965576e-01
1.050846934318542480e+00,6.825788021087646484e-01
9.888081550598144531e-01,1.244464993476867676e+00
8.074638843536376953e-01,-3.876519948244094849e-02
-9.925743192434310913e-02,-1.056588768959045410e+00
-2.920550405979156494e-01,6.322422027587890625e-01
-4.986920952796936035e-01,-4.333570301532745361e-01
6.061187386512756348e-02,-3.587487637996673584e-01
-3.808182179927825928e-01,4.090853929519653320e-01
7.311084270477294922e-01,1.021698489785194397e-01
-1.040815830230712891e+00,-1.393312096595764160e+00
1.022213697433471680e+00,8.315497040748596191e-01
-7.540056705474853516e-01,7.278369367122650146e-02
-2.323111057281494141e+00,-2.358244419097900391e+00
-1.812969893217086792e-02,-1.003873199224472046e-01
1.222646832466125488e+00,1.252840280532836914e+00
4.590920507907867432e-01,9.234570711851119995e-02
2.204811722040176392e-01,-3.877462446689605713e-02
-5.096681118011474609e-01,-5.170981287956237793e-01
-2.319251447916030884e-01,-1.832667738199234009e-01
-1.040296480059623718e-01,-2.905607521533966064e-01
8.551861047744750977e-01,4.065415561199188232e-01
6.213474273681640625e-01,4.926449358463287354e-01
-1.409231185913085938e+00,-9.914506077766418457e-01
-1.678861498832702637e+00,-1.248904347419738770e+00
-2.758295536041259766e-01,-8.462294936180114746e-01
1.074708104133605957e+00,1.126403093338012695e+00
5.402197241783142090e-01,4.946696758270263672e-01
5.607402920722961426e-01,-4.724387824535369873e-02
-7.196456789970397949e-01,1.114062219858169556e-01
1.690324187278747559e+00,1.467981457710266113e+00
1.318091154098510742e+00,1.001183271408081055e+00
1.504207611083984375e+00,1.371174812316894531e+00
2.395700365304946899e-01,4.126388207077980042e-02
-1.565241068601608276e-01,-7.467387914657592773e-01
-7.062415778636932373e-02,-1.767638027667999268e-01
7.311084270477294922e-01,5.224712491035461426e-01
5.402197241783142090e-01,-2.078221142292022705e-01
-5.860237479209899902e-01,3.264782428741455078e-01
8.408694267272949219e-01,4.119022786617279053e-01
3.397866189479827881e-01,2.286107540130615234e-01
2.190494984388351440e-01,3.198173046112060547e-01
1.103341341018676758e+00,1.215605258941650391e+00
8.304126560688018799e-02,-4.596677422523498535e-01
-1.445022702217102051e+00,-8.461558818817138672e-01
-7.148736119270324707e-01,-2.681035995483398438e-01
-1.478916127234697342e-02,3.801659345626831055e-01
8.599582910537719727e-01,9.258387684822082520e-01
1.117658019065856934e+00,6.299796700477600098e-01
9.926260113716125488e-01,2.881151437759399414e-01
-2.016734600067138672e+00,-1.231827616691589355e+00
5.202182009816169739e-02,4.496761560440063477e-01
6.452084779739379883e-01,5.286639928817749023e-01
-1.244589567184448242e+00,-3.482261002063751221e-01
-2.137906551361083984e-01,2.718486785888671875e-01
-6.107972934842109680e-02,3.043678700923919678e-01
-1.120512008666992188e+00,7.799569517374038696e-02
-5.526181459426879883e-01,-3.505834043025970459e-01
9.129298925399780273e-01,8.516800999641418457e-01
1.966200023889541626e-01,-3.877455741167068481e-02
9.506304264068603516e-01,4.926450848579406738e-01
-6.107972934842109680e-02,-5.213481187820434570e-01
-7.339624762535095215e-01,5.698310732841491699e-01
7.463794946670532227e-01,1.036475062370300293e+00
1.340043425559997559e+00,1.606551766395568848e+00
-1.196867465972900391e+00,-8.763777613639831543e-01
7.836028337478637695e-01,8.541436791419982910e-01
1.122430205345153809e+00,1.129824876785278320e+00
9.315415620803833008e-01,1.205304503440856934e+00
-2.700116157531738281e+00,-2.024481534957885742e+00
1.050846934318542480e+00,8.611091971397399902e-01
3.016088008880615234e-01,-5.861247330904006958e-02
-9.439400434494018555e-01,-2.648762464523315430e-01
-2.567405700683593750e-01,7.572248578071594238e-02
3.445588350296020508e-01,1.075400337576866150e-01
-3.426405191421508789e-01,-4.516295492649078369e-01
-1.831572294235229492e+00,-2.448837995529174805e+00
-5.888868570327758789e-01,-2.378529012203216553e-01
-1.550488829612731934e+00,-1.267098188400268555e+00
-1.039384365081787109e+00,4.639583230018615723e-01
4.495476186275482178e-01,1.182879656553268433e-01
5.211308002471923828e-01,4.402715861797332764e-01
1.794400066137313843e-01,2.551096975803375244e-01
-6.528347134590148926e-01,-5.570207238197326660e-01
1.155835866928100586e+00,1.894364833831787109e+00
-4.524015486240386963e-01,-8.050767779350280762e-01
7.377895116806030273e-01,9.037036299705505371e-01
-1.702722430229187012e+00,-1.068560123443603516e+00
2.205723524093627930e+00,2.802377700805664062e+00
3.302421867847442627e-01,1.000822305679321289e+00
1.365813374519348145e+00,1.160876989364624023e+00
-9.964342713356018066e-01,-6.732478737831115723e-01
-6.647652983665466309e-01,-1.313740491867065430e+00
2.002427101135253906e+00,7.009854912757873535e-01
1.679867208003997803e-01,6.865813136100769043e-01
5.068141818046569824e-01,8.765818923711776733e-02
1.160607933998107910e+00,8.202807903289794922e-01
6.375729441642761230e-01,-3.036389350891113281e-01
3.483765423297882080e-01,6.357470899820327759e-02
-6.194291114807128906e-01,-5.587041378021240234e-01
1.170152425765991211e+00,1.351299285888671875e+00
1.966200023889541626e-01,1.708002686500549316e-01
1.456485509872436523e+00,1.024577379226684570e+00
5.020419955253601074e-01,2.251442670822143555e-01
-1.884066820144653320e+00,-1.467496991157531738e+00
-8.723567128181457520e-01,-2.669845521450042725e-01
3.684198856353759766e-01,8.765807002782821655e-02
-1.860699988901615143e-02,-6.987276077270507812e-01
9.591530542820692062e-04,1.262044347822666168e-02
-1.215956330299377441e+00,-9.911532402038574219e-01
-7.387345433235168457e-01,-2.657151818275451660e-01
1.623513102531433105e+00,1.807963728904724121e+00
8.647304773330688477e-01,1.306099176406860352e+00
1.260824561119079590e+00,4.999971687793731689e-01
-6.576068401336669922e-01,-4.130509197711944580e-01
2.443422377109527588e-01,6.678492426872253418e-01
-1.592961430549621582e+00,-6.343467235565185547e-01
5.068141818046569824e-01,3.052308261394500732e-01
6.022585630416870117e-01,1.022066324949264526e-01
-7.053291797637939453e-01,-2.627187371253967285e-01
-9.081482887268066406e-01,1.890020072460174561e-01
-6.576068401336669922e-01,-2.865561544895172119e-01
3.159254491329193115e-01,3.360168039798736572e-01
1.752363085746765137e+00,1.644387483596801758e+00
-1.040296480059623718e-01,-3.246740400791168213e-01
3.350144028663635254e-01,1.006962776184082031e+00
8.170083165168762207e-01,2.803418338298797607e-01
-1.153917431831359863e+00,8.669096231460571289e-01
-1.326629221439361572e-01,-1.950185447931289673e-01
-5.478457808494567871e-01,-6.936547160148620605e-01
1.797698974609375000e+00,2.100059092044830322e-01
5.402197241783142090e-01,1.239724516868591309e+00
1.341952204704284668e+00,1.579097390174865723e+00
-2.996906042098999023e-01,1.818215399980545044e-01
2.863377928733825684e-01,2.016247361898422241e-01
1.141519069671630859e+00,1.383113026618957520e+00
1.599652051925659180e+00,1.810740232467651367e+00
-1.936561107635498047e+00,-4.716744720935821533e-01
-8.819011449813842773e-01,-3.312080800533294678e-01
-2.342199802398681641e+00,-5.610408782958984375e-01
-6.432902812957763672e-01,-5.102122426033020020e-01
-2.376517206430435181e-01,-6.595928072929382324e-01
-1.904067844152450562e-01,-7.203955203294754028e-02
3.922809660434722900e-01,-2.855383455753326416e-01
1.489890933036804199e+00,1.928891420364379883e+00
-8.852416872978210449e-01,-4.797160625457763672e-01
-6.719235777854919434e-01,1.303220838308334351e-01
3.111532330513000488e-01,7.004438042640686035e-01
-4.519243538379669189e-01,-4.276046752929687500e-01
-2.949183881282806396e-01,-2.056783288717269897e-01
4.400030970573425293e-01,7.075714468955993652e-01
-7.864567041397094727e-01,5.856799483299255371e-01
1.074708104133605957e+00,6.021332144737243652e-01
-7.358711957931518555e-01,-1.821595728397369385e-01
-7.530512809753417969e-01,-6.166564226150512695e-01
-1.183462888002395630e-01,3.757461607456207275e-01
2.920643687248229980e-01,-4.383641295135021210e-03
-2.694866895675659180e+00,-1.107748389244079590e+00
-3.617293834686279297e-01,-2.459668219089508057e-01
-7.625957131385803223e-01,-3.811366856098175049e-01
-2.958727777004241943e-01,5.270587801933288574e-01
-2.476734519004821777e-01,9.010061621665954590e-01
-6.337458491325378418e-01,-3.700219690799713135e-01
-8.389511108398437500e-01,-4.721366763114929199e-01
-2.615127861499786377e-01,-4.835457503795623779e-01
1.074708104133605957e+00,1.134356856346130371e+00
4.490703344345092773e-01,-2.445836961269378662e-01
4.256864488124847412e-01,8.050320148468017578e-01
-1.288493990898132324e+00,-1.161381602287292480e+00
-1.422073543071746826e-01,-1.043590903282165527e+00
5.640807747840881348e-01,-2.680516615509986877e-02
-3.283239006996154785e-01,7.603330537676811218e-03
6.929306387901306152e-01,3.888008892536163330e-01
-9.257636219263076782e-02,4.386913478374481201e-01
-1.569100499153137207e+00,-1.450661420822143555e+00
1.981429457664489746e+00,1.799038887023925781e+00
5.846013426780700684e-01,1.239609718322753906e+00
1.680779695510864258e+00,1.807941913604736328e+00
1.050357893109321594e-02,5.963431596755981445e-01
8.647304773330688477e-01,9.617778658866882324e-01
8.026916980743408203e-01,5.175858736038208008e-01
-7.482789754867553711e-01,-1.804568618535995483e-01
-5.717069506645202637e-01,-2.180066853761672974e-01
-5.068047642707824707e-01,-4.693598449230194092e-01
-7.816845774650573730e-01,1.267079114913940430e-01
5.020419955253601074e-01,4.456481337547302246e-01
8.170083165168762207e-01,5.884895920753479004e-01
-6.647652983665466309e-01,-9.644339084625244141e-01
-2.042462378740310669e-01,-2.704265117645263672e-01
6.929306387901306152e-01,3.062067031860351562e-01
6.638201475143432617e-01,5.983647704124450684e-01
5.974863767623901367e-01,1.883842796087265015e-01
-4.996464848518371582e-01,-1.854187846183776855e-01
1.038439273834228516e+00,6.549183130264282227e-01
-7.578234076499938965e-01,-5.141838192939758301e-01
-4.309265315532684326e-01,-2.969569861888885498e-01
3.445588350296020508e-01,-6.611424684524536133e-01
1.170152425765991211e+00,1.341022610664367676e+00
1.017441391944885254e+00,9.227396845817565918e-01
-5.144404172897338867e-01,-2.235325276851654053e-01
1.236963510513305664e+00,8.842473030090332031e-01
-1.656431913375854492e+00,-7.180713415145874023e-01
1.050846934318542480e+00,1.169817686080932617e+00
-1.005978703498840332e+00,1.262631118297576904e-01
1.767156839370727539e+00,1.062237381935119629e+00
-3.497988879680633545e-01,-3.667131662368774414e-01
2.482021786272525787e-02,4.647299349308013916e-01
1.685552000999450684e+00,1.761922121047973633e+00
2.482021786272525787e-02,-8.043587952852249146e-02
2.524549961090087891e-01,5.088222026824951172e-01
4.447754323482513428e-01,1.586624860763549805e+00
-2.044890642166137695e+00,-1.968332052230834961e+00
-8.938317298889160156e-01,-1.081731263548135757e-02
1.479860488325357437e-02,4.933458566665649414e-01
-1.058473110198974609e+00,-2.493074536323547363e-02
-7.248952388763427734e-01,-1.802203655242919922e-01
1.050846934318542480e+00,1.273522019386291504e+00
3.254699707031250000e-01,2.887105941772460938e-01
-5.335292816162109375e-01,-1.073787331581115723e+00
6.738418340682983398e-01,3.313870131969451904e-01
7.597417235374450684e-01,5.670467019081115723e-01
5.736252069473266602e-01,4.686879515647888184e-01
-8.771288394927978516e-01,-1.379518304020166397e-02
1.705595254898071289e+00,2.185015678405761719e+00
-1.058473110198974609e+00,-9.159935712814331055e-01
4.590920507907867432e-01,1.034554719924926758e+00
7.645139098167419434e-01,1.080614209175109863e+00
-2.361288785934448242e+00,-1.351403594017028809e+00
1.932794600725173950e-01,-2.986725270748138428e-01
-6.289735436439514160e-01,-1.065694317221641541e-01
-1.044156432151794434e+00,-2.969569265842437744e-01
9.425176382064819336e-01,4.262889325618743896e-01
2.586588859558105469e-01,-2.496750354766845703e+00
2.395700365304946899e-01,-1.270105540752410889e-01
-1.565241068601608276e-01,-1.807342842221260071e-02
1.031758069992065430e+00,9.608010649681091309e-01
1.108113646507263184e+00,9.898097515106201172e-01
4.218687415122985840e-01,5.739939808845520020e-01
-6.089302897453308105e-01,6.976214796304702759e-02
-5.955681800842285156e-01,1.753133535385131836e-02
7.692861557006835938e-01,6.670754551887512207e-01
-8.031595945358276367e-01,-4.117896556854248047e-01
3.751009702682495117e-01,7.762226462364196777e-01
1.399218916893005371e+00,1.520605087280273438e+00
-1.096650838851928711e+00,-5.809702277183532715e-01
1.508979797363281250e+00,5.337545871734619141e-01
-1.239817500114440918e+00,-1.632507324218750000e+00
2.395700365304946899e-01,-6.611398458480834961e-01
1.442168831825256348e+00,1.179845333099365234e+00
7.167918086051940918e-01,6.057001948356628418e-01
1.174924731254577637e+00,5.966590642929077148e-01
8.217805027961730957e-01,6.726410388946533203e-01
-1.029839873313903809e+00,-1.751439929008483887e+00
1.298090219497680664e-01,-1.186821535229682922e-01
8.360972404479980469e-01,1.004903838038444519e-01
-1.034611940383911133e+00,-8.116512894630432129e-01
1.905074000358581543e+00,6.462954878807067871e-01
-5.287569761276245117e-01,4.151568710803985596e-01
1.536700874567031860e-01,-4.980900883674621582e-02
1.003124833106994629e+00,5.588274002075195312e-01
1.679867208003997803e-01,-5.918155312538146973e-01
5.068141818046569824e-01,9.182890653610229492e-01
4.209142327308654785e-01,3.013756275177001953e-01
9.163131564855575562e-02,2.212446630001068115e-01
2.061645388603210449e-01,6.870069503784179688e-01
1.661690831184387207e+00,2.013614892959594727e+00
3.302421867847442627e-01,3.875205814838409424e-01
7.501972913742065430e-01,4.757287502288818359e-01
-4.333126842975616455e-01,-6.166502833366394043e-01
-6.766956448554992676e-01,4.490312337875366211e-01
1.698955893516540527e-01,3.342248797416687012e-01
7.167918086051940918e-01,1.153685808181762695e+00
-1.273222804069519043e+00,-1.575541973114013672e+00
-1.803851723670959473e-01,3.921889662742614746e-01
-3.721866384148597717e-02,-8.664945513010025024e-02
1.488978713750839233e-01,2.886090874671936035e-01
3.827365338802337646e-01,7.991654276847839355e-01
-4.748309254646301270e-01,-6.055459380149841309e-01
-4.619459509849548340e-01,-2.601858675479888916e-01
-4.714903831481933594e-01,-7.046856284141540527e-01
-1.631139159202575684e+00,-1.336751580238342285e+00
-1.040296480059623718e-01,-4.833729565143585205e-01
6.977028846740722656e-01,3.178897500038146973e-01
1.671235322952270508e+00,8.649865984916687012e-01
-2.471961528062820435e-01,-4.628973007202148438e-01
-6.289735436439514160e-01,7.604115456342697144e-02
-8.198623061180114746e-01,-5.060690641403198242e-01
6.929306387901306152e-01,8.554188013076782227e-01
-1.731355786323547363e+00,-1.131889939308166504e+00
1.141519069671630859e+00,9.774518013000488281e-01
5.736252069473266602e-01,6.782744526863098145e-01
1.384902238845825195e+00,1.152486562728881836e+00
6.642974019050598145e-01,4.879576861858367920e-01
-7.549600601196289062e-01,7.739984244108200073e-02
5.044280886650085449e-01,2.493924796581268311e-01
8.456416726112365723e-01,4.790542423725128174e-01
-2.289705038070678711e+00,-1.135617256164550781e+00
-1.231184974312782288e-01,2.049263566732406616e-01
-2.070183038711547852e+00,-1.985462427139282227e+00
8.790471553802490234e-01,1.022896528244018555e+00
5.211308002471923828e-01,3.778337836265563965e-01
-2.901461720466613770e-01,-3.726487457752227783e-01
1.981429457664489746e+00,1.472817182540893555e+00
-1.354350566864013672e+00,-6.564836502075195312e-01
-2.290191128849983215e-02,-1.121532842516899109e-01
-2.567405700683593750e-01,4.784736633300781250e-01
-2.796472609043121338e-01,4.153398573398590088e-01
1.103341341018676758e+00,1.044560074806213379e+00
-4.953515827655792236e-01,3.051817715167999268e-01
6.738418340682983398e-01,7.104608416557312012e-01
-5.764793157577514648e-01,3.602217137813568115e-02
-3.235516846179962158e-01,-5.240290760993957520e-01
-2.647621870040893555e+00,-1.792833328247070312e+00
5.731366109102964401e-03,-6.304973959922790527e-01
-6.318368911743164062e-01,-1.945460587739944458e-01
-2.037255048751831055e+00,-2.040285825729370117e+00
-4.524015486240386963e-01,1.874045282602310181e-01
-2.595127344131469727e+00,-1.280867099761962891e+00
-1.101423144340515137e+00,-1.923372447490692139e-01
5.211308002471923828e-01,1.855824738740921021e-01
-1.335261702537536621e+00,-8.952904343605041504e-01
6.356640458106994629e-01,5.114303827285766602e-01
-4.299721419811248779e-01,4.146744608879089355e-01
1.050357893109321594e-02,6.473010778427124023e-01
-1.247452974319458008e+00,-1.537855863571166992e+00
-1.864977955818176270e+00,-3.149925172328948975e-01
-2.299249887466430664e+00,-1.164625406265258789e+00
2.347978204488754272e-01,3.367859125137329102e-01
2.710666656494140625e-01,4.784733802080154419e-02
1.351496696472167969e+00,2.193862646818161011e-01
1.060391426086425781e+00,1.265831112861633301e+00
-1.111922025680541992e+00,-1.136809587478637695e+00
-5.669346451759338379e-01,-6.429456919431686401e-02
1.050357893109321594e-02,-4.283742010593414307e-01
-6.003402471542358398e-01,-1.044064044952392578e+00
1.761907458305358887e+00,1.773228406906127930e+00
1.232191205024719238e+00,1.214717745780944824e+00
-2.552177190780639648e+00,-7.035391926765441895e-01
6.308918595314025879e-01,4.760650098323822021e-01
-3.650699257850646973e-01,-2.870641648769378662e-01
7.883750200271606445e-01,2.580268681049346924e-01
9.792637228965759277e-01,4.157896935939788818e-01
-6.337458491325378418e-01,-7.079683542251586914e-01
8.695027232170104980e-01,1.025582551956176758e+00
1.213102340698242188e+00,7.569621205329895020e-01
3.206976652145385742e-01,-4.975164532661437988e-01
-7.578234076499938965e-01,-1.815761804580688477e+00
1.637829661369323730e+00,6.980781555175781250e-01
1.536700874567031860e-01,1.791695356369018555e-01
-1.005978703498840332e+00,-3.722635805606842041e-01
4.304586648941040039e-01,-1.381347179412841797e-01
-8.690162301063537598e-01,-1.417886912822723389e-01
3.980076611042022705e-01,1.873291432857513428e-01
1.160607933998107910e+00,1.267567157745361328e+00
1.011757403612136841e-01,-2.108551859855651855e-01
-7.148736119270324707e-01,-4.183086156845092773e-01
3.970531821250915527e-01,-1.712906062602996826e-01
-3.330960869789123535e-01,-5.953334569931030273e-01
8.360972404479980469e-01,2.168130874633789062e-01
7.072473168373107910e-01,6.628810167312622070e-01
-5.535303056240081787e-02,5.532072186470031738e-01
1.943251729011535645e+00,5.829150676727294922e-01
2.482021786272525787e-02,-4.359513521194458008e-02
-1.678861498832702637e+00,-1.349171638488769531e+00
3.350144028663635254e-01,5.182439088821411133e-01
-1.756129562854766846e-01,5.158414840698242188e-01
-1.517517715692520142e-01,3.502916544675827026e-02
-2.265844345092773438e+00,-1.292623043060302734e+00
-4.079287052154541016e+00,-1.935051679611206055e+00
-1.058473110198974609e+00,-5.757428407669067383e-01
3.159254491329193115e-01,3.820140063762664795e-01
1.298090219497680664e-01,1.073760092258453369e-01
-2.662850022315979004e-01,-2.860279679298400879e-01
-2.758295536041259766e-01,-5.921903848648071289e-01
1.079480290412902832e+00,1.918976306915283203e+00
-1.297995746135711670e-01,-8.894586563110351562e-02
6.261196136474609375e-01,6.650102138519287109e-01
1.174924731254577637e+00,1.013825058937072754e+00
8.885915875434875488e-01,2.077258229255676270e-01
-2.471049547195434570e+00,-1.432466983795166016e+00
-3.569571673870086670e-01,1.033549383282661438e-01
-6.910124421119689941e-01,-8.559239506721496582e-01
1.747590661048889160e+00,8.182769417762756348e-01
-1.612963229417800903e-01,2.465268969535827637e-01
1.131974697113037109e+00,5.915589332580566406e-01
2.443422377109527588e-01,2.843669056892395020e-01
8.647304773330688477e-01,-5.836549997329711914e-01
1.488978713750839233e-01,7.125133275985717773e-01
-1.612963229417800903e-01,-1.216450110077857971e-01
-2.576950788497924805e-01,-7.866817712783813477e-02
8.981360793113708496e-01,9.555566310882568359e-01
6.261196136474609375e-01,-1.978535056114196777e-01
-3.378683030605316162e-01,-3.188622593879699707e-01
-1.029839873313903809e+00,-7.170684933662414551e-01
1.074708104133605957e+00,1.013825416564941406e+00
1.728501915931701660e+00,1.558109998703002930e+00
4.877253472805023193e-01,-2.585971653461456299e-01
1.528068780899047852e+00,1.212598204612731934e+00
2.443422377109527588e-01,-7.974884510040283203e-01
-1.517517715692520142e-01,-7.531231641769409180e-01
9.410859942436218262e-01,9.618230462074279785e-01
9.983525872230529785e-01,6.401739716529846191e-01
7.979194521903991699e-01,6.521028876304626465e-01
1.089024782180786133e+00,1.238979339599609375e+00
4.161420166492462158e-01,5.894930362701416016e-01
4.314131438732147217e-01,4.432345032691955566e-01
-6.528347134590148926e-01,6.761704683303833008e-01
-8.055455088615417480e-01,-5.935143232345581055e-01
-9.582566022872924805e-01,-4.246522784233093262e-01
5.115864276885986328e-01,7.899888157844543457e-01
-4.858071506023406982e-01,-4.435372650623321533e-01
-4.905792474746704102e-01,-6.001365780830383301e-01
-6.585194170475006104e-02,-2.632584050297737122e-02
-6.107972934842109680e-02,-7.974887490272521973e-01
-1.017432093620300293e+00,-8.954033255577087402e-01
2.939732372760772705e-01,2.422025799751281738e-01
1.914618253707885742e+00,1.656151771545410156e+00
2.347978204488754272e-01,-2.585970163345336914e-01
9.019964188337326050e-02,7.247713208198547363e-02
3.063810169696807861e-01,1.942528784275054932e-01
2.729755342006683350e-01,3.581001162528991699e-01
3.607843220233917236e-01,6.106699109077453613e-01
-2.910093545913696289e+00,-1.751881957054138184e+00
7.254234701395034790e-02,4.328614175319671631e-01
1.733274102210998535e+00,2.369312047958374023e+00
1.823033690452575684e-01,6.328417658805847168e-01
-1.466020584106445312e+00,-1.441794633865356445e+00
-1.171574711799621582e+00,-7.910045981407165527e-01
-2.290191128849983215e-02,1.784231364727020264e-01
2.075961083173751831e-01,-3.616349995136260986e-01
-6.442446708679199219e-01,-6.760982871055603027e-01
-4.810348153114318848e-01,-6.360595822334289551e-01
1.345812380313873291e-01,-6.704726815223693848e-01
9.363137483596801758e-01,7.201623916625976562e-01
-2.567405700683593750e-01,2.600625157356262207e-01
-8.737882971763610840e-01,2.191506326198577881e-01
-1.406845092773437500e+00,-1.411334633827209473e+00
7.454250454902648926e-01,1.103472828865051270e+00
5.822570994496345520e-02,4.451435804367065430e-01
2.548411488533020020e-01,3.719238042831420898e-01
2.825199365615844727e-01,-2.344959676265716553e-01
-3.521849513053894043e-01,-3.492802977561950684e-01
6.547529697418212891e-01,1.132763147354125977e+00
3.922809660434722900e-01,4.962537586688995361e-01
9.649471044540405273e-01,9.795334935188293457e-01
3.016088008880615234e-01,1.482565522193908691e+00
3.970531821250915527e-01,1.753756284713745117e+00
-7.539636641740798950e-02,-7.196991443634033203e-01
-8.098406791687011719e-01,-4.940373897552490234e-01
-1.517517715692520142e-01,2.783304750919342041e-01
1.284685730934143066e+00,1.270254254341125488e+00
8.981360793113708496e-01,6.994293928146362305e-01
-5.287569761276245117e-01,1.950225532054901123e-01
-2.520680665969848633e+00,-6.058930754661560059e-01
9.029082655906677246e-01,-3.382594883441925049e-02
-1.698862612247467041e-01,-5.002210140228271484e-01
-1.187322974205017090e+00,-5.546616911888122559e-01
1.679867208003997803e-01,7.064810395240783691e-01
3.483765423297882080e-01,3.029543459415435791e-01
1.107201650738716125e-01,6.232785582542419434e-01
-1.418775677680969238e+00,-2.218350172042846680e-01
-2.133134752511978149e-01,-4.297769963741302490e-01
-1.173006534576416016e+00,-7.831294536590576172e-01
-8.341790437698364258e-01,-3.623357042670249939e-02
1.074708104133605957e+00,1.151024937629699707e+00
-2.647621870040893555e+00,-7.574700713157653809e-01
-8.341790437698364258e-01,-2.509276270866394043e-01
6.929306387901306152e-01,1.141710758209228516e+00
1.609196424484252930e+00,1.359924197196960449e+00
-4.194732308387756348e-01,-4.654242992401123047e-01
-3.044628202915191650e-01,-6.760984659194946289e-01
4.299690946936607361e-03,1.675778031349182129e-01
-9.534844756126403809e-01,-7.979484200477600098e-01
-8.016858249902725220e-02,8.512714505195617676e-01
-6.585194170475006104e-02,6.577360630035400391e-02
1.351496696472167969e+00,1.501759290695190430e+00
-1.660685241222381592e-01,-4.106826484203338623e-01
4.652959406375885010e-01,5.192329287528991699e-01
-1.349578499794006348e+00,-7.979486584663391113e-01
-7.816845774650573730e-01,-7.880345731973648071e-02
6.413907408714294434e-01,4.270573258399963379e-01
4.944064021110534668e-01,3.633393645286560059e-01
1.345812380313873291e-01,-5.577751249074935913e-02
2.787022292613983154e-01,4.109638035297393799e-01
-1.674089193344116211e+00,-5.161008834838867188e-01
-5.621625781059265137e-01,-1.491564214229583740e-01
1.112885832786560059e+00,1.267565727233886719e+00
2.739300131797790527e-01,1.179060265421867371e-01
-2.996906042098999023e-01,-9.163082391023635864e-02
-1.490836143493652344e+00,-1.025296926498413086e+00
-2.806017696857452393e-01,-6.445795893669128418e-01
-1.235045194625854492e+00,-5.191373825073242188e-01
9.052943587303161621e-01,5.906146764755249023e-01
1.065163731575012207e+00,1.038454532623291016e+00
-4.333126842975616455e-01,4.756287038326263428e-01
1.241735696792602539e+00,9.667704105377197266e-01
-2.290191128849983215e-02,-3.837640285491943359e-01
-2.328795194625854492e-01,-6.016271114349365234e-01
-2.388490438461303711e+00,-1.347272396087646484e+00
9.124526977539062500e-01,-3.649386167526245117e-01
6.738418340682983398e-01,8.497142791748046875e-01
-2.901461720466613770e-01,-8.132178783416748047e-01
6.833862662315368652e-01,1.218193769454956055e+00
1.488978713750839233e-01,-1.730034947395324707e-01
-2.647621870040893555e+00,1.032392606139183044e-01
1.580563187599182129e+00,1.754405140876770020e+00
1.661690831184387207e+00,6.231537461280822754e-01
5.941457748413085938e-01,1.261676788330078125e+00
1.112885832786560059e+00,6.825968027114868164e-01
-1.411617398262023926e+00,-1.041718006134033203e+00
-1.280858516693115234e+00,-1.025106668472290039e+00
-6.289735436439514160e-01,-8.548693060874938965e-01
3.588754832744598389e-01,-7.454034090042114258e-01
-1.864977955818176270e+00,-5.653243064880371094e-01
-2.443370819091796875e+00,-6.562313437461853027e-01
2.395700365304946899e-01,-4.416891932487487793e-01
2.586588859558105469e-01,4.509978592395782471e-01
4.590920507907867432e-01,-7.974886894226074219e-01
5.020419955253601074e-01,9.670336246490478516e-01
6.924535036087036133e-01,-5.825353860855102539e-01
-5.449824333190917969e-01,-5.481018424034118652e-01
1.843035101890563965e+00,1.084533691406250000e+00
4.781809151172637939e-01,8.250902295112609863e-01
-8.127040266990661621e-01,2.432264201343059540e-02
5.020419955253601074e-01,9.399059414863586426e-01
5.211308002471923828e-01,9.460674524307250977e-01
1.986201643943786621e+00,1.398897051811218262e+00
-6.623791456222534180e-01,-8.132174611091613770e-01
1.446941018104553223e+00,1.595638155937194824e+00
3.636476695537567139e-01,6.183113455772399902e-01
-5.048959851264953613e-01,-1.143173500895500183e-01
1.251280069351196289e+00,1.120660066604614258e+00
9.267693161964416504e-01,9.720905423164367676e-01
-6.585194170475006104e-02,-9.933328628540039062e-01
-1.254134058952331543e+00,-1.374509215354919434e+00
-6.671512126922607422e-01,2.784392237663269043e-02
9.744915366172790527e-01,-3.328957855701446533e-01
4.619553089141845703e-01,1.176661700010299683e-01
7.311084270477294922e-01,-4.657025933265686035e-01
9.506304264068603516e-01,5.926005840301513672e-01
3.684198856353759766e-01,8.215120434761047363e-01
8.026916980743408203e-01,1.197230935096740723e+00
4.590920507907867432e-01,7.163379192352294922e-01
-2.376517206430435181e-01,-2.611396014690399170e-01
2.157089710235595703e-01,1.581219732761383057e-01
8.360972404479980469e-01,9.981854557991027832e-01
-5.630751699209213257e-02,6.362807750701904297e-01
1.341952204704284668e+00,1.264838933944702148e+00
-3.550482988357543945e-01,-2.032044529914855957e-01
-3.813060000538825989e-03,6.019903421401977539e-01
-1.422073543071746826e-01,-4.955681562423706055e-01
-3.569571673870086670e-01,-9.597901254892349243e-02
-3.020766675472259521e-01,-1.309239864349365234e-01
-5.678470432758331299e-02,-9.562044590711593628e-02
-5.907958149909973145e-01,-5.743291378021240234e-01
1.976657152175903320e+00,1.825975060462951660e+00
1.580563187599182129e+00,2.134645700454711914e+00
5.731366109102964401e-03,-2.289873659610748291e-01
1.699868559837341309e+00,6.714265942573547363e-01
