5.072914361953735352e-01,3.687543272972106934e-01
-3.617293834686279297e-01,-5.486434698104858398e-01
-1.545239329338073730e+00,-1.494503617286682129e+00
-7.272813916206359863e-01,-6.609051227569580078e-01
3.259471654891967773e-01,1.220885813236236572e-01
4.543198347091674805e-01,5.066773295402526855e-01
5.640807747840881348e-01,5.990806221961975098e-01
2.210495948791503906e+00,1.768612861633300781e+00
-4.676309227943420410e-02,1.763919591903686523e-01
-7.167823314666748047e-01,-1.360745131969451904e-01
6.862496137619018555e-01,4.142351746559143066e-01
-5.287569761276245117e-01,-7.627928853034973145e-01
1.217874646186828613e+00,6.044409871101379395e-01
-1.330012440681457520e+00,-5.400859117507934570e-01
-3.665015995502471924e-01,-1.208800971508026123e-01
1.265596747398376465e+00,1.100656032562255859e+00
-9.635061025619506836e-01,-6.896353960037231445e-01
4.018253982067108154e-01,1.940719187259674072e-01
1.065163731575012207e+00,7.600720524787902832e-01
-1.836344718933105469e+00,-1.750384330749511719e+00
-2.036777734756469727e+00,-2.035895824432373047e+00
-1.893611192703247070e+00,-2.153857469558715820e+00
-5.239848494529724121e-01,-2.399650663137435913e-01
-1.020295500755310059e+00,-5.000907778739929199e-01
-7.062415778636932373e-02,-4.002801477909088135e-01
-7.530512809753417969e-01,-8.909049630165100098e-01
1.048938155174255371e+00,1.091852903366088867e+00
4.734086990356445312e-01,3.640078380703926086e-02
6.261196136474609375e-01,4.153579473495483398e-01
-8.971300721168518066e-02,-5.371710062026977539e-01
-1.134828567504882812e+00,-3.765167891979217529e-01
-1.125284194946289062e+00,-1.019056320190429688e+00
-3.426405191421508789e-01,-6.344118714332580566e-01
-5.001236796379089355e-01,2.110181301832199097e-01
6.118029952049255371e-01,2.821101546287536621e-01
-1.431197393685579300e-02,2.178160697221755981e-01
-1.955649971961975098e+00,-1.859136700630187988e+00
7.215639948844909668e-01,7.945739030838012695e-01
-1.788622498512268066e+00,-1.882854342460632324e+00
-1.183462888002395630e-01,8.464743196964263916e-02
-1.120512008666992188e+00,-6.192644834518432617e-01
3.875087499618530273e-01,5.957177877426147461e-01
-3.569571673870086670e-01,-1.105763018131256104e-01
-1.330489635467529297e+00,-1.471958875656127930e+00
-6.242014169692993164e-01,-2.049805819988250732e-01
-2.070183038711547852e+00,-1.608833909034729004e+00
9.983525872230529785e-01,1.242656111717224121e+00
-2.767412550747394562e-02,-3.002579510211944580e-01
-1.002638220787048340e+00,-3.976068198680877686e-01
-2.366060972213745117e+00,-1.934925436973571777e+00
5.879418849945068359e-01,1.046023845672607422e+00
-5.621625781059265137e-01,-2.910943031311035156e-01
-2.996906042098999023e-01,8.778673410415649414e-02
6.642974019050598145e-01,5.204030871391296387e-01
8.599582910537719727e-01,5.053391456604003906e-01
-9.439400434494018555e-01,-6.139231920242309570e-01
1.981429457664489746e+00,1.676981925964355469e+00
-8.207744359970092773e-02,-1.839448809623718262e-01
-2.323111057281494141e+00,-2.340335607528686523e+00
-2.445279598236083984e+00,-1.827793002128601074e+00
-1.044156432151794434e+00,-3.418617546558380127e-01
-1.478916127234697342e-02,8.756422996520996094e-01
6.261196136474609375e-01,3.469983637332916260e-01
-2.042462378740310669e-01,-3.158805966377258301e-01
4.018253982067108154e-01,-7.164438068866729736e-02
1.637829661369323730e+00,1.039027094841003418e+00
3.493310511112213135e-01,2.580787986516952515e-03
7.406528592109680176e-01,3.774311840534210205e-01
-8.914455771446228027e-01,-5.453913211822509766e-01
-2.362720489501953125e+00,-2.012840986251831055e+00
1.260824561119079590e+00,9.455745816230773926e-01
8.456416726112365723e-01,8.520355820655822754e-01
1.389674425125122070e+00,1.350405216217041016e+00
-1.660685241222381592e-01,-2.019912600517272949e-01
1.590107560157775879e+00,1.534266948699951172e+00
5.211308002471923828e-01,6.663720607757568359e-01
-1.249361872673034668e+00,-1.327327013015747070e+00
3.063810169696807861e-01,4.134809374809265137e-01
1.833490610122680664e+00,1.755483746528625488e+00
-7.893200516700744629e-01,-6.434717178344726562e-01
5.306752324104309082e-01,9.126739501953125000e-01
-4.013387560844421387e-01,-4.074987769126892090e-01
-8.628123402595520020e-01,-1.047544360160827637e+00
1.256052374839782715e+00,9.886845350265502930e-01
1.158699035644531250e+00,3.267246484756469727e-01
9.840359687805175781e-01,1.124618291854858398e+00
-8.494079858064651489e-02,1.190354675054550171e-01
9.591530542820692062e-04,7.731545716524124146e-03
-1.984283566474914551e+00,-1.902251243591308594e+00
-7.764350771903991699e-01,-8.395780324935913086e-01
-8.365649580955505371e-01,-3.401179313659667969e-01
-1.335748564451932907e-02,9.969654679298400879e-02
-8.723567128181457520e-01,-3.829166293144226074e-01
1.265596747398376465e+00,1.308364868164062500e+00
-8.069773316383361816e-01,-7.627932429313659668e-01
6.738418340682983398e-01,3.907298445701599121e-01
2.109367549419403076e-01,5.682103037834167480e-01
3.111532330513000488e-01,-7.484909892082214355e-02
-1.475564956665039062e+00,-1.048025846481323242e+00
-1.488885432481765747e-01,1.197653055191040039e+00
2.328889518976211548e-01,1.373030394315719604e-01
5.927141308784484863e-01,4.926900565624237061e-01
1.375357747077941895e+00,1.402214527130126953e+00
1.107201650738716125e-01,-2.651076912879943848e-01
1.364900916814804077e-01,4.022272229194641113e-01
1.536700874567031860e-01,2.344202846288681030e-01
1.102386951446533203e+00,9.889310598373413086e-01
-5.955681800842285156e-01,-7.780233025550842285e-01
-4.046794176101684570e-01,-3.437918424606323242e-01
1.966200023889541626e-01,2.820509672164916992e-01
8.456416726112365723e-01,6.051126122474670410e-01
1.637829661369323730e+00,1.032322764396667480e+00
-4.175643622875213623e-01,-1.053245067596435547e-01
1.437396645545959473e+00,1.197457790374755859e+00
1.107201650738716125e-01,-2.930283248424530029e-01
1.265596747398376465e+00,1.083042383193969727e+00
2.968365848064422607e-01,3.352231383323669434e-01
1.775311529636383057e-01,3.212051093578338623e-01
3.636476695537567139e-01,3.296376168727874756e-01
-9.845036864280700684e-01,-1.523765563964843750e+00
-5.573902130126953125e-01,2.847660332918167114e-03
3.350144028663635254e-01,6.749055385589599609e-01
1.628285288810729980e+00,9.948909282684326172e-01
9.601748585700988770e-01,8.631070256233215332e-01
1.246507883071899414e+00,1.063784122467041016e+00
-1.979511141777038574e+00,-1.750384211540222168e+00
-5.192125439643859863e-01,-7.575650215148925781e-01
-8.337016105651855469e-01,-7.237658500671386719e-01
1.733274102210998535e+00,1.565223097801208496e+00
-2.369401454925537109e+00,-1.595432281494140625e+00
1.136746883392333984e+00,1.078788280487060547e+00
-9.057621359825134277e-01,-6.190726757049560547e-01
1.112885832786560059e+00,1.125175118446350098e+00
6.299792230129241943e-02,-7.600221037864685059e-02
3.254699707031250000e-01,6.182283759117126465e-01
-1.640683650970458984e+00,-8.622266650199890137e-01
1.609196424484252930e+00,1.228857159614562988e+00
-2.949183881282806396e-01,-4.068774282932281494e-01
-8.150901794433593750e-01,-4.690856635570526123e-01
1.594879746437072754e+00,1.308365225791931152e+00
-1.573872566223144531e+00,-1.407343387603759766e+00
1.107201650738716125e-01,-2.453306764364242554e-01
6.666834950447082520e-01,6.146199703216552734e-01
2.176178246736526489e-01,-8.329138904809951782e-02
8.170083165168762207e-01,8.368968367576599121e-01
-1.573872566223144531e+00,-1.242161393165588379e+00
1.706072449684143066e+00,6.336950063705444336e-01
-2.996906042098999023e-01,-3.666374683380126953e-01
-1.650228261947631836e+00,-1.729670524597167969e+00
-1.779078125953674316e+00,-1.895049452781677246e+00
-1.153917431831359863e+00,-8.106606602668762207e-01
5.731366109102964401e-03,1.881004571914672852e-01
-1.469795703887939453e-01,1.835474744439125061e-02
1.284685730934143066e+00,1.148362874984741211e+00
3.412182927131652832e-01,-1.350847035646438599e-01
-2.185628712177276611e-01,4.174344241619110107e-03
5.545364022254943848e-01,6.300047039985656738e-01
-3.808182179927825928e-01,6.538006663322448730e-02
8.742749094963073730e-01,8.643228411674499512e-01
-1.149145364761352539e+00,-9.564220905303955078e-01
-6.766956448554992676e-01,-4.628168642520904541e-01
1.122430205345153809e+00,8.341485857963562012e-01
-4.524015486240386963e-01,2.251008898019790649e-01
9.601748585700988770e-01,7.807311415672302246e-01
-1.352441906929016113e+00,-9.174531698226928711e-01
1.298090219497680664e-01,4.370609521865844727e-01
-2.996948003768920898e+00,-2.728515148162841797e+00
1.071367621421813965e+00,1.051161170005798340e+00
-4.161326885223388672e-01,-4.243783056735992432e-01
-1.053701043128967285e+00,-1.320023298263549805e+00
4.018253982067108154e-01,7.335271835327148438e-01
-6.585614085197448730e-01,-8.734096884727478027e-01
-7.912290096282958984e-01,-1.217501044273376465e+00
-5.430737137794494629e-01,-8.999562859535217285e-01
-2.328795194625854492e-01,-4.121147096157073975e-01
-8.016858249902725220e-02,2.646860480308532715e-01
1.122430205345153809e+00,5.274655818939208984e-01
2.252533882856369019e-01,2.360268682241439819e-01
5.783974528312683105e-01,8.195039033889770508e-01
1.194013595581054688e+00,1.148062586784362793e+00
4.734086990356445312e-01,-2.580369710922241211e-01
5.068141818046569824e-01,1.190352290868759155e-01
1.485118746757507324e+00,1.817666411399841309e+00
2.013922184705734253e-01,3.393981158733367920e-01
-7.244180440902709961e-01,-4.903103113174438477e-01
3.813048601150512695e-01,2.973648011684417725e-01
-1.899295896291732788e-01,-8.372268676757812500e-01
7.883750200271606445e-01,7.663318514823913574e-01
7.616506218910217285e-01,3.136758208274841309e-01
-1.449795126914978027e+00,-1.189794659614562988e+00
9.267693161964416504e-01,8.023141622543334961e-01
2.682033181190490723e-01,2.414944618940353394e-01
4.161420166492462158e-01,5.533616542816162109e-01
8.360972404479980469e-01,7.663317918777465820e-01
2.825199365615844727e-01,4.255280792713165283e-01
1.154923811554908752e-01,1.136655658483505249e-01
-8.971300721168518066e-02,-2.373197078704833984e-01
-7.960010766983032227e-01,-9.822869896888732910e-01
4.734086990356445312e-01,2.503309547901153564e-01
3.159254491329193115e-01,2.106598764657974243e-01
-7.482789754867553711e-01,-1.288152694702148438e+00
3.016088008880615234e-01,5.708343982696533203e-01
1.270368933677673340e+00,1.390292167663574219e+00
-1.753307938575744629e+00,-1.975055217742919922e+00
1.676007509231567383e+00,1.473105669021606445e+00
-2.017688989639282227e+00,-1.590556621551513672e+00
-2.056779116392135620e-01,4.745056107640266418e-02
6.404362916946411133e-01,7.853868603706359863e-01
3.397866189479827881e-01,4.055373668670654297e-01
-2.156995236873626709e-01,-1.346373707056045532e-01
1.308546781539916992e+00,1.466092824935913086e+00
-3.760460317134857178e-01,1.190351992845535278e-01
-2.634217739105224609e-01,-7.157773971557617188e-01
-2.309706509113311768e-01,9.133668243885040283e-02
5.402197241783142090e-01,5.878801941871643066e-01
-1.565241068601608276e-01,-1.531769037246704102e-01
-2.710572183132171631e-01,5.557796359062194824e-01
1.718045622110366821e-01,3.752839863300323486e-01
2.443422377109527588e-01,3.907295763492584229e-01
7.549694776535034180e-01,8.359327912330627441e-01
9.163131564855575562e-02,-1.886879801750183105e-01
9.506304264068603516e-01,8.608822822570800781e-01
1.031758069992065430e+00,9.517298340797424316e-01
-2.265844345092773438e+00,-1.823342084884643555e+00
8.170083165168762207e-01,8.666507601737976074e-01
-4.189960360527038574e-01,6.458240747451782227e-01
3.159254491329193115e-01,2.994327247142791748e-01
7.311084270477294922e-01,6.411516070365905762e-01
5.259030461311340332e-01,5.937750339508056641e-01
-5.001236796379089355e-01,-5.180110931396484375e-01
-1.526150465011596680e+00,-1.363297224044799805e+00
9.744915366172790527e-01,7.655762434005737305e-01
1.412581086158752441e+00,1.355401515960693359e+00
8.981360793113708496e-01,8.105270266532897949e-01
1.234100103378295898e+00,1.051322698593139648e+00
-1.416389465332031250e+00,-8.095419406890869141e-01
-2.323111057281494141e+00,-1.846125602722167969e+00
-1.069449424743652344e+00,-1.703661918640136719e+00
3.397866189479827881e-01,1.710756421089172363e-01
1.050846934318542480e+00,5.142882466316223145e-01
-2.767412550747394562e-02,-3.455341756343841553e-01
-4.910564422607421875e-01,-1.514458894729614258e+00
3.813048601150512695e-01,3.735069632530212402e-01
-1.517517715692520142e-01,6.361633539199829102e-02
-2.084500074386596680e+00,-2.352472066879272461e+00
-1.824891328811645508e+00,-2.044226408004760742e+00
-1.044156432151794434e+00,-1.648786187171936035e+00
-1.519946575164794922e+00,-7.332129478454589844e-01
-2.847100257873535156e+00,-2.471428871154785156e+00
5.449919700622558594e-01,4.251181781291961670e-01
5.306752324104309082e-01,-1.146201938390731812e-01
5.727133527398109436e-02,5.903597474098205566e-01
1.017441391944885254e+00,9.718392491340637207e-01
3.407409787178039551e-01,-1.598691344261169434e-01
2.491144537925720215e-01,2.589153349399566650e-01
-1.612963229417800903e-01,2.301813811063766479e-01
8.217805027961730957e-01,7.671014666557312012e-01
3.350144028663635254e-01,2.589153945446014404e-01
5.306752324104309082e-01,7.239943146705627441e-01
-4.199087619781494141e-02,5.482763424515724182e-02
9.363137483596801758e-01,7.529640197753906250e-01
-4.619459509849548340e-01,-6.741836071014404297e-01
-6.432902812957763672e-01,-5.863029360771179199e-01
4.018253982067108154e-01,4.300777912139892578e-01
1.609196424484252930e+00,1.395293712615966797e+00
-2.003372430801391602e+00,-1.695491671562194824e+00
-1.373916864395141602e+00,-9.477422237396240234e-01
1.823033690452575684e-01,3.351556062698364258e-01
6.070307493209838867e-01,8.298277854919433594e-01
7.731456309556961060e-02,2.551207244396209717e-01
-8.771288394927978516e-01,-7.477621436119079590e-01
-6.107972934842109680e-02,9.911321103572845459e-04
5.354475378990173340e-01,-3.813255131244659424e-01
7.931472659111022949e-01,8.253602385520935059e-01
-5.048959851264953613e-01,-5.374472141265869141e-01
6.299792230129241943e-02,1.995729207992553711e-01
1.408763408660888672e+00,1.353286743164062500e+00
1.155835866928100586e+00,1.053111553192138672e+00
9.864221215248107910e-01,5.008404254913330078e-01
-2.042462378740310669e-01,-2.953653037548065186e-01
7.311084270477294922e-01,9.092869758605957031e-01
5.259030461311340332e-01,5.981819629669189453e-01
1.794400066137313843e-01,3.852955996990203857e-01
1.990973949432373047e+00,1.762603878974914551e+00
1.202645897865295410e-01,1.538449674844741821e-01
1.351496696472167969e+00,1.308616876602172852e+00
5.736252069473266602e-01,2.422180026769638062e-01
1.089024782180786133e+00,7.735062837600708008e-01
-6.432902812957763672e-01,-7.519680857658386230e-01
-7.530512809753417969e-01,-7.809908986091613770e-01
-5.526181459426879883e-01,-4.812498688697814941e-01
1.714185237884521484e+00,6.338967680931091309e-01
8.742749094963073730e-01,7.512241601943969727e-01
1.065163731575012207e+00,1.345598816871643066e+00
-2.534000277519226074e-01,8.923577666282653809e-01
-5.511863231658935547e-01,-3.340136110782623291e-01
-1.065154194831848145e+00,-9.911468625068664551e-01
9.640352427959442139e-02,-3.813255727291107178e-01
-7.759578824043273926e-01,-1.054904580116271973e+00
1.370585560798645020e+00,1.319816946983337402e+00
5.918019637465476990e-02,-1.494141817092895508e-01
5.960546731948852539e-01,6.360374689102172852e-01
9.974406659603118896e-02,5.312187671661376953e-01
-5.096681118011474609e-01,-4.858253002166748047e-01
-1.545239329338073730e+00,-1.339580774307250977e+00
-8.341790437698364258e-01,-2.109601348638534546e-01
-5.287569761276245117e-01,2.694585621356964111e-01
5.273346900939941406e-01,8.353467583656311035e-01
3.350144028663635254e-01,-1.077581644058227539e-01
-3.235516846179962158e-01,-4.232366979122161865e-01
-8.055455088615417480e-01,-2.168673425912857056e-01
1.202645897865295410e-01,-1.861149668693542480e-01
7.645139098167419434e-01,8.424132466316223145e-01
3.679427206516265869e-01,3.531724810600280762e-01
-7.673678398132324219e-01,-2.873693108558654785e-01
4.209142327308654785e-01,1.243426501750946045e-01
8.408694267272949219e-01,5.879756808280944824e-01
-9.534844756126403809e-01,-4.154126048088073730e-01
-1.320945262908935547e+00,-8.343467712402343750e-01
-7.101012468338012695e-01,-1.102710962295532227e+00
-1.366281151771545410e+00,-1.322893500328063965e+00
7.606961727142333984e-01,1.008187413215637207e+00
-4.676309227943420410e-02,-5.377005040645599365e-02
-2.199033260345458984e+00,-2.493333339691162109e+00
6.299792230129241943e-02,-1.094745993614196777e-01
1.413535594940185547e+00,1.155098557472229004e+00
5.163586139678955078e-01,6.238867640495300293e-01
-5.907958149909973145e-01,-9.379813075065612793e-01
6.251652240753173828e-01,7.501975297927856445e-01
4.390906915068626404e-02,2.181292027235031128e-01
2.825199365615844727e-01,3.252302110195159912e-01
-3.951349854469299316e-01,-3.741379082202911377e-01
-1.183462888002395630e-01,2.728033661842346191e-01
1.775311529636383057e-01,-3.907494544982910156e-01
9.410859942436218262e-01,1.033549904823303223e+00
-1.803851723670959473e-01,-3.289264142513275146e-01
-1.064199805259704590e+00,-6.177702546119689941e-01
-1.261769652366638184e+00,-8.858008384704589844e-01
2.252533882856369019e-01,3.361371755599975586e-01
-4.189960360527038574e-01,-7.580876946449279785e-01
-2.552177190780639648e+00,-1.688715100288391113e+00
-1.558124303817749023e+00,-1.730078101158142090e+00
1.775311529636383057e-01,4.584463238716125488e-01
1.265596747398376465e+00,9.853461384773254395e-01
-2.891916930675506592e-01,-6.338650584220886230e-01
5.211308002471923828e-01,1.776904761791229248e-01
1.528068780899047852e+00,1.635619282722473145e+00
1.345812380313873291e-01,1.377140432596206665e-01
1.375357747077941895e+00,8.616595268249511719e-01
-2.208577394485473633e+00,-2.173929929733276367e+00
-1.411617398262023926e+00,-6.825345754623413086e-01
-2.380377531051635742e+00,-1.862034797668457031e+00
-2.017688989639282227e+00,-1.572327852249145508e+00
-2.233350872993469238e-01,-9.235913306474685669e-02
-2.553132057189941406e+00,-1.809929609298706055e+00
-6.170429587364196777e-01,-9.604963064193725586e-01
8.790471553802490234e-01,1.042977333068847656e+00
-1.947018057107925415e-01,-6.640931218862533569e-02
-3.760460317134857178e-01,-9.712378978729248047e-01
-8.962177038192749023e-01,-7.933053970336914062e-01
-7.864567041397094727e-01,-7.115181088447570801e-01
-9.678009748458862305e-01,-2.753577232360839844e-01
4.638642668724060059e-01,1.855871975421905518e-01
-2.744974851608276367e+00,-2.201001644134521484e+00
-5.669346451759338379e-01,-5.352293848991394043e-01
-8.680616021156311035e-01,-4.823571443557739258e-01
-1.947018057107925415e-01,-5.971366763114929199e-01
3.541032671928405762e-01,5.885442495346069336e-01
6.833862662315368652e-01,-1.107108220458030701e-02
4.590920507907867432e-01,2.800219953060150146e-01
-2.003867551684379578e-02,3.146653175354003906e-01
8.704571723937988281e-01,6.098381280899047852e-01
-2.089272022247314453e+00,-2.010701417922973633e+00
8.885915875434875488e-01,6.679806113243103027e-01
1.466029882431030273e+00,1.187157154083251953e+00
-2.104501277208328247e-01,-7.998833060264587402e-01
6.786140203475952148e-01,7.468273043632507324e-01
-5.192125439643859863e-01,-8.286389112472534180e-01
3.875087499618530273e-01,3.839010596275329590e-01
9.029082655906677246e-01,5.113846063613891602e-01
-1.553352236747741699e+00,-1.785850167274475098e+00
2.204811722040176392e-01,4.821880534291267395e-02
5.974863767623901367e-01,6.166790723800659180e-01
-5.239848494529724121e-01,-9.306089878082275391e-01
1.050846934318542480e+00,6.540942788124084473e-01
1.528068780899047852e+00,1.450798273086547852e+00
-1.817255854606628418e+00,-2.030108690261840820e+00
5.731366109102964401e-03,-4.285413920879364014e-01
5.111092329025268555e-01,3.546599745750427246e-01
-4.743537306785583496e-01,-2.597546875476837158e-01
1.145795360207557678e-02,1.582757383584976196e-01
-8.637666702270507812e-01,-7.233369946479797363e-01
1.138178586959838867e+00,1.493878245353698730e+00
-5.764793157577514648e-01,-1.864142715930938721e-03
2.300256043672561646e-01,7.239949703216552734e-01
1.775311529636383057e-01,1.740389615297317505e-01
6.929306387901306152e-01,7.421152591705322266e-01
4.781809151172637939e-01,5.109277963638305664e-01
-2.567405700683593750e-01,-2.962161600589752197e-01
1.322863459587097168e+00,1.387784004211425781e+00
-6.003402471542358398e-01,-7.682832479476928711e-01
3.445588350296020508e-01,1.347644329071044922e-01
7.549694776535034180e-01,8.496870994567871094e-01
3.354915976524353027e-01,4.431641399860382080e-01
3.493310511112213135e-01,2.128970175981521606e-01
-1.979511141777038574e+00,-1.759016394615173340e+00
-6.485396027565002441e-01,-6.556130051612854004e-01
-1.473656058311462402e+00,-1.358024835586547852e+00
-8.923581987619400024e-02,3.984223678708076477e-02
3.717604279518127441e-01,1.121276497840881348e+00
1.790540695190429688e+00,1.697596549987792969e+00
-4.858071506023406982e-01,-1.995415389537811279e-01
-2.914865732192993164e+00,-2.612032175064086914e+00
-9.296233057975769043e-01,-1.142980575561523438e+00
1.809629559516906738e+00,1.582400202751159668e+00
8.170083165168762207e-01,4.539142251014709473e-01
9.267693161964416504e-01,7.952448725700378418e-01
2.080734074115753174e-01,4.475688338279724121e-01
1.060391426086425781e+00,2.228636667132377625e-02
-3.474127352237701416e-01,-6.002320051193237305e-01
-3.244633972644805908e-02,-4.905297160148620605e-01
-2.567405700683593750e-01,-4.106819033622741699e-01
8.074638843536376953e-01,9.167569279670715332e-01
1.460780501365661621e+00,1.259631872177124023e+00
-1.222160220146179199e+00,-7.528184056282043457e-01
4.285497963428497314e-01,4.456861019134521484e-01
-7.539636641740798950e-02,-3.914189338684082031e-01
-2.809876918792724609e+00,-2.417649507522583008e+00
-1.545716524124145508e+00,-1.812448501586914062e+00
-7.244180440902709961e-01,-4.109305143356323242e-01
1.318091154098510742e+00,1.342966556549072266e+00
-5.430737137794494629e-01,-1.001020669937133789e+00
1.642601966857910156e+00,1.622274160385131836e+00
8.360972404479980469e-01,7.971693873405456543e-01
-1.678861498832702637e+00,-1.559765458106994629e+00
-3.617293834686279297e-01,-1.294253319501876831e-01
-1.502289295196533203e+00,-1.480597853660583496e+00
-1.020295500755310059e+00,-6.161116957664489746e-01
-2.328795194625854492e-01,-3.595419228076934814e-01
-1.235045194625854492e+00,-1.409069776535034180e+00
1.054706498980522156e-01,6.632844805717468262e-01
3.206976652145385742e-01,9.282518625259399414e-01
-1.088018566370010376e-01,-6.256869435310363770e-01
3.341015428304672241e-02,1.848248243331909180e-01
-1.040296480059623718e-01,-3.924795091152191162e-01
-1.469795703887939453e-01,-1.679711602628231049e-02
2.247760891914367676e-01,2.407484799623489380e-01
-3.550482988357543945e-01,-5.496040582656860352e-01
1.507071018218994141e+00,6.247312426567077637e-01
4.877253472805023193e-01,5.411475300788879395e-01
1.170152425765991211e+00,1.004042863845825195e+00
4.781809151172637939e-01,1.101971194148063660e-01
-1.335748564451932907e-02,-2.011266052722930908e-01
-1.688405990600585938e+00,-2.109791755676269531e+00
1.282776713371276855e+00,2.328607141971588135e-01
1.084252476692199707e+00,7.630072832107543945e-01
-1.010751008987426758e+00,-9.599363803863525391e-01
7.731456309556961060e-02,-1.065459251403808594e-01
5.831696391105651855e-01,1.763182878494262695e-01
-4.810348153114318848e-01,-3.388989269733428955e-01
3.321510553359985352e-01,2.062013447284698486e-01
-2.628533124923706055e+00,-2.265735387802124023e+00
1.536700874567031860e-01,-3.268522322177886963e-01
1.862124085426330566e+00,1.346935153007507324e+00
-8.723567128181457520e-01,-1.143239259719848633e+00
4.256864488124847412e-01,8.306819796562194824e-01
-1.135740727186203003e-01,-4.244734719395637512e-02
1.170152425765991211e+00,1.205460190773010254e+00
2.004800550639629364e-02,-1.259366869926452637e-01
5.068141818046569824e-01,3.522647619247436523e-01
-1.106195330619812012e+00,-1.277967572212219238e+00
5.497641563415527344e-01,4.321233034133911133e-01
-6.107972934842109680e-02,-2.549193799495697021e-01
1.160607933998107910e+00,9.037168025970458984e-01
-1.053223609924316406e+00,-1.735820412635803223e+00
-1.020295500755310059e+00,-1.409668326377868652e-01
8.360972404479980469e-01,7.283357381820678711e-01
1.943251729011535645e+00,1.730976104736328125e+00
-1.569100499153137207e+00,-1.202656865119934082e+00
8.265527486801147461e-01,6.540107131004333496e-01
7.120195627212524414e-01,2.930961549282073975e-01
2.820427715778350830e-01,1.277836561203002930e-01
-6.814680099487304688e-01,-4.298006296157836914e-01
-3.350049555301666260e-01,-5.211274623870849609e-01
1.752363085746765137e+00,1.214439272880554199e+00
-5.349608063697814941e-01,-1.381865262985229492e+00
-2.036777734756469727e+00,-2.119658946990966797e+00
-7.053291797637939453e-01,-1.259367167949676514e-01
1.775311529636383057e-01,1.863853037357330322e-01
-1.182550907135009766e+00,-1.399113893508911133e+00
1.967112779617309570e+00,1.540070056915283203e+00
1.036530375480651855e+00,8.239008784294128418e-01
1.819174051284790039e+00,1.507941961288452148e+00
5.974863767623901367e-01,-4.088960886001586914e-01
-4.294948577880859375e-01,-4.838986396789550781e-01
-3.578699007630348206e-02,1.654787734150886536e-02
-4.524015486240386963e-01,-4.802746474742889404e-01
9.792637228965759277e-01,8.612261414527893066e-01
9.506304264068603516e-01,7.829269170761108398e-01
-3.378683030605316162e-01,-4.284936487674713135e-01
-6.242014169692993164e-01,-5.874712392687797546e-02
5.211308002471923828e-01,6.568920016288757324e-01
1.265596747398376465e+00,6.237949728965759277e-01
1.399218916893005371e+00,1.331344723701477051e+00
9.172248840332031250e-01,2.138784527778625488e-01
4.113698005676269531e-01,5.443194508552551270e-01
6.213474273681640625e-01,7.542948126792907715e-01
1.222646832466125488e+00,1.287953972816467285e+00
1.880300641059875488e-01,2.332300841808319092e-01
4.113698005676269531e-01,5.445830225944519043e-01
-3.092350363731384277e-01,-6.368632316589355469e-01
-7.912290096282958984e-01,-1.290523529052734375e+00
-4.027704298496246338e-01,-1.064829826354980469e+00
4.447754323482513428e-01,2.350740432739257812e-01
3.970531821250915527e-01,1.882365345954895020e-01
-1.665457189083099365e-01,4.132056832313537598e-01
-1.710835337638854980e+00,-1.739429593086242676e+00
1.260824561119079590e+00,2.022645711898803711e+00
6.118029952049255371e-01,9.254626035690307617e-01
-6.022492051124572754e-01,-5.692498683929443359e-01
-2.662850022315979004e-01,-1.987426877021789551e-01
4.686364829540252686e-01,-3.599317371845245361e-02
-1.063245534896850586e+00,-1.296885848045349121e+00
-8.341790437698364258e-01,-1.215517520904541016e+00
-4.667182862758636475e-01,-2.533633410930633545e-01
3.092443645000457764e-01,-2.125928401947021484e-01
3.436464443802833557e-02,-4.865188598632812500e-01
-1.812969893217086792e-02,-2.549191415309906006e-01
2.095962524414062500e+00,1.628428339958190918e+00
1.823033690452575684e-01,8.564240485429763794e-02
-7.244180440902709961e-01,-4.828845858573913574e-01
-4.180415570735931396e-01,-2.665105164051055908e-01
-8.007734417915344238e-01,-7.043496370315551758e-01
-2.281073033809661865e-01,-1.764733344316482544e-02
-7.015112042427062988e-01,-6.658840775489807129e-01
2.524549961090087891e-01,7.048430293798446655e-02
1.451713323593139648e+00,1.326723814010620117e+00
-1.330489635467529297e+00,-1.068502783775329590e+00
-2.548317015171051025e-01,-7.647616267204284668e-01
-5.860237479209899902e-01,-4.725592136383056641e-01
-1.888839125633239746e+00,-2.186309814453125000e+00
1.456485509872436523e+00,1.326723814010620117e+00
3.159254491329193115e-01,-2.464427053928375244e-01
-1.149145364761352539e+00,-1.060887575149536133e+00
2.300256043672561646e-01,2.149868756532669067e-02
-1.874522328376770020e+00,-1.248923540115356445e+00
5.345349758863449097e-02,-3.433691710233688354e-02
2.252533882856369019e-01,3.661509454250335693e-01
-4.676309227943420410e-02,-3.440947830677032471e-01
5.502413511276245117e-01,7.085003852844238281e-01
6.833862662315368652e-01,5.416172146797180176e-01
3.302421867847442627e-01,1.280930042266845703e-01
-2.275388717651367188e+00,-2.228041887283325195e+00
6.929306387901306152e-01,7.107298374176025391e-01
5.736252069473266602e-01,4.177371263504028320e-01
-1.565241068601608276e-01,3.954207897186279297e-01
1.122430205345153809e+00,7.793438434600830078e-01
-3.244633972644805908e-02,-6.847056746482849121e-02
-5.239848494529724121e-01,-6.346874237060546875e-01
-6.576068401336669922e-01,-2.035164237022399902e-01
5.564452409744262695e-01,7.819290161132812500e-01
-3.808182179927825928e-01,-2.004511095583438873e-02
2.004800550639629364e-02,-7.211225479841232300e-02
1.704640746116638184e+00,1.529116511344909668e+00
-4.046794176101684570e-01,-2.020348608493804932e-01
-2.853739559650421143e-01,1.520027518272399902e-01
2.004800550639629364e-02,-1.015243828296661377e-01
8.408694267272949219e-01,8.193585872650146484e-01
-4.199087619781494141e-02,-2.216197364032268524e-02
1.050846934318542480e+00,5.841556787490844727e-01
9.888081550598144531e-01,9.830479621887207031e-01
8.074638843536376953e-01,1.323469996452331543e+00
-9.925743192434310913e-02,-3.996156156063079834e-01
-2.920550405979156494e-01,1.764596402645111084e-01
-4.986920952796936035e-01,-4.606556892395019531e-01
6.061187386512756348e-02,-3.002867996692657471e-01
-3.808182179927825928e-01,-3.113951981067657471e-01
7.311084270477294922e-01,5.532499551773071289e-01
-1.040815830230712891e+00,-1.043657541275024414e+00
1.022213697433471680e+00,7.656341791152954102e-01
-7.540056705474853516e-01,-5.987299680709838867e-01
-2.323111057281494141e+00,-2.435940504074096680e+00
-1.812969893217086792e-02,-1.991227865219116211e-01
1.222646832466125488e+00,1.216459989547729492e+00
4.590920507907867432e-01,7.129787653684616089e-02
2.204811722040176392e-01,2.452684342861175537e-01
-5.096681118011474609e-01,-7.328409552574157715e-01
-2.319251447916030884e-01,-2.085832059383392334e-01
-1.040296480059623718e-01,-2.004561945796012878e-02
8.551861047744750977e-01,8.118942379951477051e-01
6.213474273681640625e-01,1.086135506629943848e+00
-1.409231185913085938e+00,-1.342524170875549316e+00
-1.678861498832702637e+00,-2.133194923400878906e+00
-2.758295536041259766e-01,-3.373679816722869873e-01
1.074708104133605957e+00,1.037274122238159180e+00
5.402197241783142090e-01,8.840312957763671875e-01
5.607402920722961426e-01,-3.131007775664329529e-02
-7.196456789970397949e-01,-3.501864075660705566e-01
1.690324187278747559e+00,1.322182893753051758e+00
1.318091154098510742e+00,1.138704180717468262e+00
1.504207611083984375e+00,1.336122989654541016e+00
2.395700365304946899e-01,8.787690848112106323e-02
-1.565241068601608276e-01,-1.784767508506774902e-01
-7.062415778636932373e-02,-2.061881422996520996e-01
7.311084270477294922e-01,8.660498857498168945e-01
5.402197241783142090e-01,-7.650794833898544312e-02
-5.860237479209899902e-01,-1.802911236882209778e-02
8.408694267272949219e-01,7.360879182815551758e-01
3.397866189479827881e-01,1.680649816989898682e-01
2.190494984388351440e-01,1.401739120483398438e-01
1.103341341018676758e+00,1.000142455101013184e+00
8.304126560688018799e-02,3.355214744806289673e-02
-1.445022702217102051e+00,-6.030746698379516602e-01
-7.148736119270324707e-01,-8.851631730794906616e-02
-1.478916127234697342e-02,3.204047679901123047e-01
8.599582910537719727e-01,1.055516719818115234e+00
1.117658019065856934e+00,7.969943284988403320e-01
9.926260113716125488e-01,6.321499347686767578e-01
-2.016734600067138672e+00,-2.681196689605712891e+00
5.202182009816169739e-02,1.480060517787933350e-01
6.452084779739379883e-01,7.692911624908447266e-01
-1.244589567184448242e+00,-9.025346040725708008e-01
-2.137906551361083984e-01,-3.188360929489135742e-01
-6.107972934842109680e-02,3.204959332942962646e-01
-1.120512008666992188e+00,-7.813318371772766113e-01
-5.526181459426879883e-01,-6.186652183532714844e-01
9.129298925399780273e-01,7.629244923591613770e-01
1.966200023889541626e-01,5.157763957977294922e-01
9.506304264068603516e-01,1.086135625839233398e+00
-6.107972934842109680e-02,2.919565886259078979e-03
-7.339624762535095215e-01,-4.409911036491394043e-01
7.463794946670532227e-01,1.112853646278381348e+00
1.340043425559997559e+00,1.753974795341491699e+00
-1.196867465972900391e+00,-7.224066853523254395e-01
7.836028337478637695e-01,9.652467966079711914e-01
1.122430205345153809e+00,1.128970980644226074e+00
9.315415620803833008e-01,1.111367821693420410e+00
-2.700116157531738281e+00,-2.290042638778686523e+00
1.050846934318542480e+00,1.004042267799377441e+00
3.016088008880615234e-01,9.384828209877014160e-01
-9.439400434494018555e-01,-2.123126983642578125e-01
-2.567405700683593750e-01,-9.159981012344360352e-01
3.445588350296020508e-01,3.445113003253936768e-01
-3.426405191421508789e-01,-7.075033783912658691e-01
-1.831572294235229492e+00,-1.399395346641540527e+00
-5.888868570327758789e-01,-4.612507224082946777e-01
-1.550488829612731934e+00,-1.290009140968322754e+00
-1.039384365081787109e+00,-5.584343075752258301e-01
4.495476186275482178e-01,3.177746534347534180e-01
5.211308002471923828e-01,9.671471118927001953e-01
1.794400066137313843e-01,3.727764785289764404e-01
-6.528347134590148926e-01,-8.789271712303161621e-01
1.155835866928100586e+00,1.397800922393798828e+00
-4.524015486240386963e-01,-3.516772389411926270e-01
7.377895116806030273e-01,1.029740333557128906e+00
-1.702722430229187012e+00,-1.137880563735961914e+00
2.205723524093627930e+00,1.809484958648681641e+00
3.302421867847442627e-01,5.911740064620971680e-01
1.365813374519348145e+00,1.279304146766662598e+00
-9.964342713356018066e-01,-1.488396406173706055e+00
-6.647652983665466309e-01,-2.186392545700073242e+00
2.002427101135253906e+00,7.544421553611755371e-01
1.679867208003997803e-01,-2.977249585092067719e-02
5.068141818046569824e-01,4.259596019983291626e-02
1.160607933998107910e+00,1.180479407310485840e+00
6.375729441642761230e-01,-1.653495430946350098e-01
3.483765423297882080e-01,2.132873833179473877e-01
-6.194291114807128906e-01,-8.303186297416687012e-01
1.170152425765991211e+00,8.422403931617736816e-01
1.966200023889541626e-01,1.493629813194274902e-01
1.456485509872436523e+00,1.074310779571533203e+00
5.020419955253601074e-01,4.634610414505004883e-01
-1.884066820144653320e+00,-1.431622385978698730e+00
-8.723567128181457520e-01,-4.730116128921508789e-01
3.684198856353759766e-01,4.259586334228515625e-02
-1.860699988901615143e-02,3.956699967384338379e-01
9.591530542820692062e-04,4.308333396911621094e-01
-1.215956330299377441e+00,-1.002568840980529785e+00
-7.387345433235168457e-01,-1.552335321903228760e-01
1.623513102531433105e+00,1.689241886138916016e+00
8.647304773330688477e-01,1.241995453834533691e+00
1.260824561119079590e+00,1.053783297538757324e+00
-6.576068401336669922e-01,-3.924437463283538818e-01
2.443422377109527588e-01,1.215476155281066895e+00
-1.592961430549621582e+00,-1.013583540916442871e+00
5.068141818046569824e-01,4.982405900955200195e-01
6.022585630416870117e-01,5.588552355766296387e-01
-7.053291797637939453e-01,-6.716879606246948242e-01
-9.081482887268066406e-01,-1.018345206975936890e-01
-6.576068401336669922e-01,-1.672868579626083374e-01
3.159254491329193115e-01,2.609403133392333984e-01
1.752363085746765137e+00,1.602006077766418457e+00
-1.040296480059623718e-01,-2.232990115880966187e-01
3.350144028663635254e-01,7.569258213043212891e-01
8.170083165168762207e-01,8.005210757255554199e-01
-1.153917431831359863e+00,-2.855257391929626465e-01
-1.326629221439361572e-01,6.638507544994354248e-02
-5.478457808494567871e-01,-8.355508446693420410e-01
1.797698974609375000e+00,4.032185375690460205e-01
5.402197241783142090e-01,1.236905336380004883e+00
1.341952204704284668e+00,1.459422349929809570e+00
-2.996906042098999023e-01,7.980512082576751709e-02
2.863377928733825684e-01,5.651115179061889648e-01
1.141519069671630859e+00,1.259134411811828613e+00
1.599652051925659180e+00,1.403245449066162109e+00
-1.936561107635498047e+00,-1.453715801239013672e+00
-8.819011449813842773e-01,-3.676700592041015625e-01
-2.342199802398681641e+00,-9.922965764999389648e-01
-6.432902812957763672e-01,-5.679900646209716797e-01
-2.376517206430435181e-01,-3.269334137439727783e-01
-1.904067844152450562e-01,1.077672094106674194e-01
3.922809660434722900e-01,-3.406118601560592651e-02
1.489890933036804199e+00,8.286049962043762207e-01
-8.852416872978210449e-01,-5.189427137374877930e-01
-6.719235777854919434e-01,-4.514574706554412842e-01
3.111532330513000488e-01,5.709403753280639648e-01
-4.519243538379669189e-01,-3.533777892589569092e-01
-2.949183881282806396e-01,-1.263337135314941406e-01
4.400030970573425293e-01,5.397397279739379883e-01
-7.864567041397094727e-01,-2.690350711345672607e-01
1.074708104133605957e+00,1.108399033546447754e+00
-7.358711957931518555e-01,7.188381254673004150e-02
-7.530512809753417969e-01,-6.128236055374145508e-01
-1.183462888002395630e-01,4.025926887989044189e-01
2.920643687248229980e-01,3.031856417655944824e-01
-2.694866895675659180e+00,-1.749035000801086426e+00
-3.617293834686279297e-01,3.280372545123100281e-02
-7.625957131385803223e-01,-4.996702969074249268e-01
-2.958727777004241943e-01,4.496171474456787109e-01
-2.476734519004821777e-01,2.381597459316253662e-01
-6.337458491325378418e-01,-5.577138066291809082e-01
-8.389511108398437500e-01,-2.782205641269683838e-01
-2.615127861499786377e-01,-3.671433031558990479e-01
1.074708104133605957e+00,1.410686850547790527e+00
4.490703344345092773e-01,-6.426556408405303955e-02
4.256864488124847412e-01,1.165228128433227539e+00
-1.288493990898132324e+00,-9.832286834716796875e-01
-1.422073543071746826e-01,-1.465254276990890503e-01
5.640807747840881348e-01,7.801144719123840332e-01
-3.283239006996154785e-01,2.810366749763488770e-01
6.929306387901306152e-01,5.879459977149963379e-01
-9.257636219263076782e-02,3.346601426601409912e-01
-1.569100499153137207e+00,-9.076697826385498047e-01
1.981429457664489746e+00,1.586025595664978027e+00
5.846013426780700684e-01,1.010604143142700195e+00
1.680779695510864258e+00,1.603684425354003906e+00
1.050357893109321594e-02,6.745299696922302246e-01
8.647304773330688477e-01,8.699232339859008789e-01
8.026916980743408203e-01,7.177248001098632812e-01
-7.482789754867553711e-01,-7.334306836128234863e-01
-5.717069506645202637e-01,-5.092928186058998108e-02
-5.068047642707824707e-01,-1.270746886730194092e-01
-7.816845774650573730e-01,-4.782937094569206238e-02
5.020419955253601074e-01,4.192114472389221191e-01
8.170083165168762207e-01,1.217270970344543457e+00
-6.647652983665466309e-01,-4.041942656040191650e-01
-2.042462378740310669e-01,-2.160820178687572479e-02
6.929306387901306152e-01,5.233022570610046387e-01
6.638201475143432617e-01,3.711153268814086914e-01
5.974863767623901367e-01,4.805448055267333984e-01
-4.996464848518371582e-01,-3.790548741817474365e-01
1.038439273834228516e+00,7.890062928199768066e-01
-7.578234076499938965e-01,-5.191361904144287109e-01
-4.309265315532684326e-01,-2.919856607913970947e-01
3.445588350296020508e-01,6.656872034072875977e-01
1.170152425765991211e+00,1.192124962806701660e+00
1.017441391944885254e+00,7.973361611366271973e-01
-5.144404172897338867e-01,-3.853808045387268066e-01
1.236963510513305664e+00,1.338094353675842285e+00
-1.656431913375854492e+00,-9.417499303817749023e-01
1.050846934318542480e+00,1.389805555343627930e+00
-1.005978703498840332e+00,-1.857464462518692017e-01
1.767156839370727539e+00,1.459885597229003906e+00
-3.497988879680633545e-01,-2.620874047279357910e-01
2.482021786272525787e-02,2.511988580226898193e-01
1.685552000999450684e+00,1.703299999237060547e+00
2.482021786272525787e-02,2.531945332884788513e-02
2.524549961090087891e-01,7.103085517883300781e-01
4.447754323482513428e-01,6.697690486907958984e-01
-2.044890642166137695e+00,-1.538204073905944824e+00
-8.938317298889160156e-01,-3.601065278053283691e-01
1.479860488325357437e-02,5.971750020980834961e-01
-1.058473110198974609e+00,1.506575196981430054e-01
-7.248952388763427734e-01,-3.449690639972686768e-01
1.050846934318542480e+00,1.166875481605529785e+00
3.254699707031250000e-01,4.558401107788085938e-01
-5.335292816162109375e-01,-6.439437270164489746e-01
6.738418340682983398e-01,3.582502007484436035e-01
7.597417235374450684e-01,8.233014941215515137e-01
5.736252069473266602e-01,3.600779175758361816e-01
-8.771288394927978516e-01,-5.877598524093627930e-01
1.705595254898071289e+00,1.161208629608154297e+00
-1.058473110198974609e+00,-9.364055395126342773e-01
4.590920507907867432e-01,7.699348926544189453e-01
7.645139098167419434e-01,7.450365424156188965e-01
-2.361288785934448242e+00,-1.720072865486145020e+00
1.932794600725173950e-01,1.324011757969856262e-02
-6.289735436439514160e-01,-3.513442873954772949e-01
-1.044156432151794434e+00,-2.919856607913970947e-01
9.425176382064819336e-01,8.865784406661987305e-01
2.586588859558105469e-01,2.216165661811828613e-01
2.395700365304946899e-01,1.373313516378402710e-01
-1.565241068601608276e-01,1.093412935733795166e-01
1.031758069992065430e+00,9.227029681205749512e-01
1.108113646507263184e+00,9.715273380279541016e-01
4.218687415122985840e-01,6.878304481506347656e-01
-6.089302897453308105e-01,-2.087701261043548584e-01
-5.955681800842285156e-01,3.906230255961418152e-02
7.692861557006835938e-01,6.427427530288696289e-01
-8.031595945358276367e-01,2.411090955138206482e-02
3.751009702682495117e-01,8.015453815460205078e-01
1.399218916893005371e+00,9.621099233627319336e-01
-1.096650838851928711e+00,-6.746587753295898438e-01
1.508979797363281250e+00,1.337351918220520020e+00
-1.239817500114440918e+00,-8.920716643333435059e-01
2.395700365304946899e-01,6.656878590583801270e-01
1.442168831825256348e+00,1.177921295166015625e+00
7.167918086051940918e-01,5.820083022117614746e-01
1.174924731254577637e+00,1.663212180137634277e+00
8.217805027961730957e-01,9.054024815559387207e-01
-1.029839873313903809e+00,-9.467722177505493164e-01
1.298090219497680664e-01,-1.709343492984771729e-02
8.360972404479980469e-01,5.787502527236938477e-01
-1.034611940383911133e+00,-9.055581688880920410e-01
1.905074000358581543e+00,1.484102964401245117e+00
-5.287569761276245117e-01,-2.958828508853912354e-01
1.536700874567031860e-01,4.594585299491882324e-01
1.003124833106994629e+00,4.294650256633758545e-01
1.679867208003997803e-01,2.296211719512939453e-01
5.068141818046569824e-01,8.497356176376342773e-01
4.209142327308654785e-01,2.841017544269561768e-01
9.163131564855575562e-02,2.468310892581939697e-01
2.061645388603210449e-01,4.431164264678955078e-01
1.661690831184387207e+00,1.772842288017272949e+00
3.302421867847442627e-01,4.953809380531311035e-01
7.501972913742065430e-01,5.805164575576782227e-01
-4.333126842975616455e-01,-6.128220558166503906e-01
-6.766956448554992676e-01,1.198880374431610107e-03
1.698955893516540527e-01,1.619731187820434570e-01
7.167918086051940918e-01,9.689744710922241211e-01
-1.273222804069519043e+00,-7.359737157821655273e-01
-1.803851723670959473e-01,2.110124826431274414e-01
-3.721866384148597717e-02,2.530446946620941162e-01
1.488978713750839233e-01,4.024876356124877930e-01
3.827365338802337646e-01,8.192961812019348145e-01
-4.748309254646301270e-01,-7.308163046836853027e-01
-4.619459509849548340e-01,6.376609206199645996e-02
-4.714903831481933594e-01,1.935150176286697388e-01
-1.631139159202575684e+00,-1.475530147552490234e+00
-1.040296480059623718e-01,6.444624066352844238e-02
6.977028846740722656e-01,8.519649505615234375e-01
1.671235322952270508e+00,1.225454449653625488e+00
-2.471961528062820435e-01,-1.015479341149330139e-01
-6.289735436439514160e-01,-1.873258948326110840e-01
-8.198623061180114746e-01,-5.205745697021484375e-01
6.929306387901306152e-01,6.416940093040466309e-01
-1.731355786323547363e+00,-1.377773046493530273e+00
1.141519069671630859e+00,1.243100762367248535e+00
5.736252069473266602e-01,8.798824548721313477e-01
1.384902238845825195e+00,1.108435392379760742e+00
6.642974019050598145e-01,7.240967154502868652e-01
-7.549600601196289062e-01,-1.466535218060016632e-02
5.044280886650085449e-01,9.122198224067687988e-01
8.456416726112365723e-01,6.564698815345764160e-01
-2.289705038070678711e+00,-1.758688569068908691e+00
-1.231184974312782288e-01,-1.250717043876647949e-01
-2.070183038711547852e+00,-2.009141445159912109e+00
8.790471553802490234e-01,7.870426177978515625e-01
5.211308002471923828e-01,5.093513727188110352e-01
-2.901461720466613770e-01,-4.173537194728851318e-01
1.981429457664489746e+00,1.409608364105224609e+00
-1.354350566864013672e+00,-1.043919205665588379e+00
-2.290191128849983215e-02,-1.080255806446075439e-01
-2.567405700683593750e-01,2.844914793968200684e-01
-2.796472609043121338e-01,-7.129297405481338501e-02
1.103341341018676758e+00,8.676470518112182617e-01
-4.953515827655792236e-01,-8.028768897056579590e-01
6.738418340682983398e-01,6.268411278724670410e-01
-5.764793157577514648e-01,-3.347759246826171875e-01
-3.235516846179962158e-01,9.052982926368713379e-02
-2.647621870040893555e+00,-2.042632818222045898e+00
5.731366109102964401e-03,2.348186448216438293e-02
-6.318368911743164062e-01,-6.144977211952209473e-01
-2.037255048751831055e+00,-1.853126764297485352e+00
-4.524015486240386963e-01,-9.017507731914520264e-02
-2.595127344131469727e+00,-1.821439981460571289e+00
-1.101423144340515137e+00,-2.760238945484161377e-01
5.211308002471923828e-01,6.024821996688842773e-01
-1.335261702537536621e+00,-9.954070448875427246e-01
6.356640458106994629e-01,9.806180000305175781e-01
-4.299721419811248779e-01,-3.174031376838684082e-01
1.050357893109321594e-02,7.503454089164733887e-01
-1.247452974319458008e+00,-1.270247340202331543e+00
-1.864977955818176270e+00,-8.288102149963378906e-01
-2.299249887466430664e+00,-1.963351726531982422e+00
2.347978204488754272e-01,2.542164027690887451e-01
2.710666656494140625e-01,2.684779167175292969e-01
1.351496696472167969e+00,8.457374572753906250e-01
1.060391426086425781e+00,1.245764970779418945e+00
-1.111922025680541992e+00,-5.950863957405090332e-01
-5.669346451759338379e-01,-7.666220664978027344e-01
1.050357893109321594e-02,6.307817995548248291e-02
-6.003402471542358398e-01,-1.404887735843658447e-01
1.761907458305358887e+00,1.595631003379821777e+00
1.232191205024719238e+00,1.063737392425537109e+00
-2.552177190780639648e+00,-1.763483762741088867e+00
6.308918595314025879e-01,6.280715465545654297e-01
-3.650699257850646973e-01,-6.574498414993286133e-01
7.883750200271606445e-01,4.657144248485565186e-01
9.792637228965759277e-01,4.672899544239044189e-01
-6.337458491325378418e-01,-9.605432748794555664e-01
8.695027232170104980e-01,8.472330570220947266e-01
1.213102340698242188e+00,9.251458644866943359e-01
3.206976652145385742e-01,1.258507221937179565e-01
-7.578234076499938965e-01,-1.207300662994384766e+00
1.637829661369323730e+00,8.672958612442016602e-01
1.536700874567031860e-01,2.116829454898834229e-01
-1.005978703498840332e+00,-2.891751527786254883e-01
4.304586648941040039e-01,3.227481842041015625e-01
-8.690162301063537598e-01,-4.114484488964080811e-01
3.980076611042022705e-01,1.444884836673736572e-01
1.160607933998107910e+00,8.789248466491699219e-01
1.011757403612136841e-01,-1.099171519279479980e+00
-7.148736119270324707e-01,-7.975054979324340820e-01
3.970531821250915527e-01,-4.613446071743965149e-02
-3.330960869789123535e-01,-5.883169174194335938e-01
8.360972404479980469e-01,3.754182755947113037e-01
7.072473168373107910e-01,3.885110318660736084e-01
-5.535303056240081787e-02,4.072673022747039795e-01
1.943251729011535645e+00,1.244655489921569824e+00
2.482021786272525787e-02,-1.925447732210159302e-01
-1.678861498832702637e+00,-1.818217277526855469e+00
3.350144028663635254e-01,3.334754705429077148e-01
-1.756129562854766846e-01,1.241307258605957031e-01
-1.517517715692520142e-01,-6.575641632080078125e-01
-2.265844345092773438e+00,-2.325353145599365234e+00
-4.079287052154541016e+00,-3.020609140396118164e+00
-1.058473110198974609e+00,-1.274912834167480469e+00
3.159254491329193115e-01,4.085297584533691406e-01
1.298090219497680664e-01,4.765719473361968994e-01
-2.662850022315979004e-01,-4.528822004795074463e-01
-2.758295536041259766e-01,-2.333903163671493530e-01
1.079480290412902832e+00,1.059817790985107422e+00
-1.297995746135711670e-01,-1.962515413761138916e-01
6.261196136474609375e-01,6.379834413528442383e-01
1.174924731254577637e+00,9.762409925460815430e-01
8.885915875434875488e-01,5.035047531127929688e-01
-2.471049547195434570e+00,-2.354933977127075195e+00
-3.569571673870086670e-01,-3.066267669200897217e-01
-6.910124421119689941e-01,-9.863175153732299805e-01
1.747590661048889160e+00,1.156234383583068848e+00
-1.612963229417800903e-01,-9.112942218780517578e-02
1.131974697113037109e+00,7.256633043289184570e-01
2.443422377109527588e-01,2.534225285053253174e-01
8.647304773330688477e-01,6.464099884033203125e-01
1.488978713750839233e-01,2.874705791473388672e-01
-1.612963229417800903e-01,-3.893208801746368408e-01
-2.576950788497924805e-01,-2.138154357671737671e-01
8.981360793113708496e-01,7.968461513519287109e-01
6.261196136474609375e-01,1.299206912517547607e-01
-3.378683030605316162e-01,-4.079896807670593262e-01
-1.029839873313903809e+00,-9.598084688186645508e-01
1.074708104133605957e+00,9.762411117553710938e-01
1.728501915931701660e+00,1.442752003669738770e+00
4.877253472805023193e-01,2.711266875267028809e-01
1.528068780899047852e+00,1.363415002822875977e+00
2.443422377109527588e-01,4.057300090789794922e-01
-1.517517715692520142e-01,-4.006162285804748535e-01
9.410859942436218262e-01,9.401395320892333984e-01
9.983525872230529785e-01,4.785827100276947021e-01
7.979194521903991699e-01,4.628970324993133545e-01
1.089024782180786133e+00,8.638031482696533203e-01
4.161420166492462158e-01,2.947669923305511475e-01
4.314131438732147217e-01,5.008287429809570312e-01
-6.528347134590148926e-01,-7.906250953674316406e-01
-8.055455088615417480e-01,-2.238092273473739624e-01
-9.582566022872924805e-01,-5.253388881683349609e-01
5.115864276885986328e-01,4.758085310459136963e-01
-4.858071506023406982e-01,-9.672912359237670898e-01
-4.905792474746704102e-01,-1.109702348709106445e+00
-6.585194170475006104e-02,-2.529603242874145508e-01
-6.107972934842109680e-02,4.057300388813018799e-01
-1.017432093620300293e+00,-1.097843527793884277e+00
2.939732372760772705e-01,7.699017524719238281e-01
1.914618253707885742e+00,1.338818907737731934e+00
2.347978204488754272e-01,2.711267471313476562e-01
9.019964188337326050e-02,2.292305231094360352e-03
3.063810169696807861e-01,2.941115945577621460e-02
2.729755342006683350e-01,-4.261090606451034546e-02
3.607843220233917236e-01,8.431042432785034180e-01
-2.910093545913696289e+00,-2.815699338912963867e+00
7.254234701395034790e-02,-7.387291193008422852e-01
1.733274102210998535e+00,1.608897566795349121e+00
1.823033690452575684e-01,9.284918010234832764e-02
-1.466020584106445312e+00,-1.170921921730041504e+00
-1.171574711799621582e+00,-1.217490911483764648e+00
-2.290191128849983215e-02,1.568827629089355469e-01
2.075961083173751831e-01,-2.429856657981872559e-01
-6.442446708679199219e-01,-8.932684659957885742e-01
-4.810348153114318848e-01,-5.917106866836547852e-01
1.345812380313873291e-01,-2.412269264459609985e-01
9.363137483596801758e-01,8.362072706222534180e-01
-2.567405700683593750e-01,1.418625563383102417e-01
-8.737882971763610840e-01,-3.403071761131286621e-01
-1.406845092773437500e+00,-1.688227176666259766e+00
7.454250454902648926e-01,8.490580320358276367e-01
5.822570994496345520e-02,-9.833928197622299194e-02
2.548411488533020020e-01,-1.767482310533523560e-01
2.825199365615844727e-01,-1.501671075820922852e-01
-3.521849513053894043e-01,-3.990365266799926758e-01
6.547529697418212891e-01,3.709472417831420898e-01
3.922809660434722900e-01,6.931103467941284180e-01
9.649471044540405273e-01,9.829396009445190430e-01
3.016088008880615234e-01,5.514597892761230469e-01
3.970531821250915527e-01,6.010109186172485352e-01
-7.539636641740798950e-02,-2.746349573135375977e-01
-8.098406791687011719e-01,-4.569794833660125732e-01
-1.517517715692520142e-01,-2.229381948709487915e-01
1.284685730934143066e+00,1.106331825256347656e+00
8.981360793113708496e-01,6.940625905990600586e-01
-5.287569761276245117e-01,-1.996454149484634399e-01
-2.520680665969848633e+00,-3.310904026031494141e+00
9.029082655906677246e-01,7.841824293136596680e-01
-1.698862612247467041e-01,-1.447289884090423584e-01
-1.187322974205017090e+00,-1.814559698104858398e+00
1.679867208003997803e-01,4.474539160728454590e-01
3.483765423297882080e-01,1.771346181631088257e-01
1.107201650738716125e-01,8.799594640731811523e-02
-1.418775677680969238e+00,-1.179533600807189941e+00
-2.133134752511978149e-01,-8.614066839218139648e-01
-1.173006534576416016e+00,-6.536837816238403320e-01
-8.341790437698364258e-01,-3.565700650215148926e-01
1.074708104133605957e+00,8.649778366088867188e-01
-2.647621870040893555e+00,-2.031825542449951172e+00
-8.341790437698364258e-01,-7.461551427841186523e-01
6.929306387901306152e-01,6.407830715179443359e-01
1.609196424484252930e+00,1.216877818107604980e+00
-4.194732308387756348e-01,-1.850507736206054688e+00
-3.044628202915191650e-01,-8.932695388793945312e-01
4.299690946936607361e-03,5.897231400012969971e-02
-9.534844756126403809e-01,-4.753268957138061523e-01
-8.016858249902725220e-02,-2.213322930037975311e-02
-6.585194170475006104e-02,-2.383383661508560181e-01
1.351496696472167969e+00,1.276893138885498047e+00
-1.660685241222381592e-01,-3.557909429073333740e-01
4.652959406375885010e-01,3.875000774860382080e-01
-1.349578499794006348e+00,-4.753268063068389893e-01
-7.816845774650573730e-01,-7.109025716781616211e-01
6.413907408714294434e-01,4.159619510173797607e-01
4.944064021110534668e-01,3.105496466159820557e-01
1.345812380313873291e-01,-2.141225337982177734e-01
2.787022292613983154e-01,2.951077520847320557e-01
-1.674089193344116211e+00,-1.232941389083862305e+00
-5.621625781059265137e-01,-1.879269331693649292e-01
1.112885832786560059e+00,8.789246082305908203e-01
2.739300131797790527e-01,1.810812205076217651e-02
-2.996906042098999023e-01,-1.640068441629409790e-01
-1.490836143493652344e+00,-1.644405245780944824e+00
-2.806017696857452393e-01,-5.903435945510864258e-01
-1.235045194625854492e+00,-6.195150613784790039e-01
9.052943587303161621e-01,8.804450035095214844e-01
1.065163731575012207e+00,9.104634523391723633e-01
-4.333126842975616455e-01,-3.905156552791595459e-01
1.241735696792602539e+00,1.157562971115112305e+00
-2.290191128849983215e-02,2.113190889358520508e-01
-2.328795194625854492e-01,-4.751413464546203613e-01
-2.388490438461303711e+00,-1.996106624603271484e+00
9.124526977539062500e-01,6.224730014801025391e-01
6.738418340682983398e-01,7.672272920608520508e-01
-2.901461720466613770e-01,-2.994535267353057861e-01
6.833862662315368652e-01,8.745727539062500000e-01
1.488978713750839233e-01,6.065139770507812500e-01
-2.647621870040893555e+00,-1.782359838485717773e+00
1.580563187599182129e+00,1.614687442779541016e+00
1.661690831184387207e+00,8.936523199081420898e-01
5.941457748413085938e-01,8.048844337463378906e-01
1.112885832786560059e+00,1.202018260955810547e+00
-1.411617398262023926e+00,-1.537514567375183105e+00
-1.280858516693115234e+00,-1.431755781173706055e+00
-6.289735436439514160e-01,-5.766661167144775391e-01
3.588754832744598389e-01,-5.397520065307617188e-01
-1.864977955818176270e+00,-1.454988360404968262e+00
-2.443370819091796875e+00,-2.411046504974365234e+00
2.395700365304946899e-01,-6.437784433364868164e-01
2.586588859558105469e-01,5.418127775192260742e-01
4.590920507907867432e-01,4.057298600673675537e-01
5.020419955253601074e-01,4.679660499095916748e-01
6.924535036087036133e-01,1.633202880620956421e-01
-5.449824333190917969e-01,-8.047816753387451172e-01
1.843035101890563965e+00,1.288902163505554199e+00
4.781809151172637939e-01,5.051823854446411133e-01
-8.127040266990661621e-01,-9.195872545242309570e-01
5.020419955253601074e-01,5.485751628875732422e-01
5.211308002471923828e-01,9.549106359481811523e-01
1.986201643943786621e+00,1.561264872550964355e+00
-6.623791456222534180e-01,-2.994534671306610107e-01
1.446941018104553223e+00,1.153834104537963867e+00
3.636476695537567139e-01,1.932429522275924683e-01
-5.048959851264953613e-01,-5.661574602127075195e-01
1.251280069351196289e+00,9.120321273803710938e-01
9.267693161964416504e-01,8.182562589645385742e-01
-6.585194170475006104e-02,-2.287619113922119141e-01
-1.254134058952331543e+00,-1.283080697059631348e+00
-6.671512126922607422e-01,-1.156666129827499390e-01
9.744915366172790527e-01,1.128151774406433105e+00
4.619553089141845703e-01,7.207704335451126099e-02
7.311084270477294922e-01,7.884355783462524414e-01
9.506304264068603516e-01,2.590547800064086914e-01
3.684198856353759766e-01,6.406377553939819336e-01
8.026916980743408203e-01,9.859528541564941406e-01
4.590920507907867432e-01,6.495310068130493164e-01
-2.376517206430435181e-01,4.940383136272430420e-02
2.157089710235595703e-01,3.526378422975540161e-02
8.360972404479980469e-01,7.477244138717651367e-01
-5.630751699209213257e-02,1.198812872171401978e-01
1.341952204704284668e+00,1.373404026031494141e+00
-3.550482988357543945e-01,-6.516507863998413086e-01
-3.813060000538825989e-03,5.144617557525634766e-01
-1.422073543071746826e-01,-6.458718776702880859e-01
-3.569571673870086670e-01,-7.318731546401977539e-01
-3.020766675472259521e-01,1.891230791807174683e-02
-5.678470432758331299e-02,-1.905860453844070435e-01
-5.907958149909973145e-01,-8.595439195632934570e-01
1.976657152175903320e+00,1.698323965072631836e+00
1.580563187599182129e+00,1.326369643211364746e+00
5.731366109102964401e-03,4.149648845195770264e-01
1.699868559837341309e+00,8.402495384216308594e-01
