5.072914361953735352e-01,7.519689202308654785e-01
-3.617293834686279297e-01,-5.548583269119262695e-01
-1.545239329338073730e+00,-1.394186258316040039e+00
-7.272813916206359863e-01,-3.328336179256439209e-01
3.259471654891967773e-01,3.643459081649780273e-02
4.543198347091674805e-01,3.693906068801879883e-01
5.640807747840881348e-01,6.438826322555541992e-01
2.210495948791503906e+00,1.994743704795837402e+00
-4.676309227943420410e-02,-3.358416855335235596e-01
-7.167823314666748047e-01,1.686164736747741699e-02
6.862496137619018555e-01,4.928483068943023682e-01
-5.287569761276245117e-01,-7.370774149894714355e-01
1.217874646186828613e+00,9.941036701202392578e-01
-1.330012440681457520e+00,-4.482158124446868896e-01
-3.665015995502471924e-01,-4.491098225116729736e-01
1.265596747398376465e+00,1.026765584945678711e+00
-9.635061025619506836e-01,-8.077995777130126953e-01
4.018253982067108154e-01,3.655828833580017090e-01
1.065163731575012207e+00,1.298819303512573242e+00
-1.836344718933105469e+00,-1.621034264564514160e+00
-2.036777734756469727e+00,-1.732324719429016113e+00
-1.893611192703247070e+00,-2.088316917419433594e+00
-5.239848494529724121e-01,-4.086753427982330322e-01
-1.020295500755310059e+00,-4.505508840084075928e-01
-7.062415778636932373e-02,-4.619419276714324951e-01
-7.530512809753417969e-01,-1.014031410217285156e+00
1.048938155174255371e+00,1.367925763130187988e+00
4.734086990356445312e-01,4.755725562572479248e-01
6.261196136474609375e-01,4.698412418365478516e-01
-8.971300721168518066e-02,-5.955848097801208496e-01
-1.134828567504882812e+00,-7.094480395317077637e-01
-1.125284194946289062e+00,-8.121228218078613281e-01
-3.426405191421508789e-01,-6.426825523376464844e-01
-5.001236796379089355e-01,7.878298312425613403e-02
6.118029952049255371e-01,1.676676422357559204e-01
-1.431197393685579300e-02,2.088458836078643799e-01
-1.955649971961975098e+00,-1.701375484466552734e+00
7.215639948844909668e-01,7.427964806556701660e-01
-1.788622498512268066e+00,-1.516618728637695312e+00
-1.183462888002395630e-01,2.260421663522720337e-01
-1.120512008666992188e+00,-2.674100995063781738e-01
3.875087499618530273e-01,8.286962509155273438e-01
-3.569571673870086670e-01,-1.366828978061676025e-01
-1.330489635467529297e+00,-1.474807381629943848e+00
-6.242014169692993164e-01,-4.520395696163177490e-01
-2.070183038711547852e+00,-1.443814396858215332e+00
9.983525872230529785e-01,1.067386269569396973e+00
-2.767412550747394562e-02,-2.991748452186584473e-01
-1.002638220787048340e+00,-2.763857245445251465e-01
-2.366060972213745117e+00,-1.977282285690307617e+00
5.879418849945068359e-01,9.980982542037963867e-01
-5.621625781059265137e-01,-2.583689391613006592e-01
-2.996906042098999023e-01,-3.434632346034049988e-02
6.642974019050598145e-01,6.592096090316772461e-01
8.599582910537719727e-01,7.905768752098083496e-01
-9.439400434494018555e-01,-6.867749094963073730e-01
1.981429457664489746e+00,2.067311048507690430e+00
-8.207744359970092773e-02,5.832409858703613281e-02
-2.323111057281494141e+00,-2.202287673950195312e+00
-2.445279598236083984e+00,-1.756297707557678223e+00
-1.044156432151794434e+00,-6.965325474739074707e-01
-1.478916127234697342e-02,8.072924613952636719e-01
6.261196136474609375e-01,6.675363779067993164e-01
-2.042462378740310669e-01,-6.092332676053047180e-02
4.018253982067108154e-01,-1.061491221189498901e-01
1.637829661369323730e+00,1.270377874374389648e+00
3.493310511112213135e-01,4.124217033386230469e-01
7.406528592109680176e-01,4.270856380462646484e-01
-8.914455771446228027e-01,-1.407450735569000244e-01
-2.362720489501953125e+00,-1.881197929382324219e+00
1.260824561119079590e+00,1.114074230194091797e+00
8.456416726112365723e-01,1.059627413749694824e+00
1.389674425125122070e+00,1.471520662307739258e+00
-1.660685241222381592e-01,-4.870988056063652039e-02
1.590107560157775879e+00,1.674399137496948242e+00
5.211308002471923828e-01,7.121576666831970215e-01
-1.249361872673034668e+00,-7.173388600349426270e-01
3.063810169696807861e-01,4.402540624141693115e-01
1.833490610122680664e+00,1.569209098815917969e+00
-7.893200516700744629e-01,-8.551650643348693848e-01
5.306752324104309082e-01,7.329713106155395508e-01
-4.013387560844421387e-01,-2.958419024944305420e-01
-8.628123402595520020e-01,-3.893478512763977051e-01
1.256052374839782715e+00,7.955604195594787598e-01
1.158699035644531250e+00,7.019650936126708984e-01
9.840359687805175781e-01,1.181497573852539062e+00
-8.494079858064651489e-02,-2.018962055444717407e-01
9.591530542820692062e-04,-2.069510519504547119e-04
-1.984283566474914551e+00,-1.915144920349121094e+00
-7.764350771903991699e-01,-8.531832098960876465e-01
-8.365649580955505371e-01,-3.065485879778862000e-02
-1.335748564451932907e-02,2.010613679885864258e-02
-8.723567128181457520e-01,-6.047483086585998535e-01
1.265596747398376465e+00,1.190328359603881836e+00
-8.069773316383361816e-01,-7.370773553848266602e-01
6.738418340682983398e-01,1.346672624349594116e-01
2.109367549419403076e-01,7.442043423652648926e-01
3.111532330513000488e-01,-3.185700476169586182e-01
-1.475564956665039062e+00,-1.062969923019409180e+00
-1.488885432481765747e-01,1.000665068626403809e+00
2.328889518976211548e-01,1.272879242897033691e-01
5.927141308784484863e-01,5.817954540252685547e-01
1.375357747077941895e+00,1.469814896583557129e+00
1.107201650738716125e-01,-3.478527367115020752e-01
1.364900916814804077e-01,6.497192382812500000e-01
1.536700874567031860e-01,6.079445406794548035e-02
1.102386951446533203e+00,7.766768336296081543e-01
-5.955681800842285156e-01,-8.173460960388183594e-01
-4.046794176101684570e-01,-2.169200032949447632e-01
1.966200023889541626e-01,4.602872729301452637e-01
8.456416726112365723e-01,7.520654797554016113e-01
1.637829661369323730e+00,1.327153325080871582e+00
-4.175643622875213623e-01,-1.796004921197891235e-01
1.437396645545959473e+00,1.672039985656738281e+00
1.107201650738716125e-01,-3.095703944563865662e-02
1.265596747398376465e+00,1.300162553787231445e+00
2.968365848064422607e-01,4.368201196193695068e-01
1.775311529636383057e-01,3.740550577640533447e-01
3.636476695537567139e-01,2.929918169975280762e-01
-9.845036864280700684e-01,-1.447085142135620117e+00
-5.573902130126953125e-01,-1.864231824874877930e-01
3.350144028663635254e-01,6.748766899108886719e-01
1.628285288810729980e+00,1.307196140289306641e+00
9.601748585700988770e-01,9.893266558647155762e-01
1.246507883071899414e+00,1.207084417343139648e+00
-1.979511141777038574e+00,-1.621034383773803711e+00
-5.192125439643859863e-01,-6.309943795204162598e-01
-8.337016105651855469e-01,-1.337216421961784363e-02
1.733274102210998535e+00,1.834261536598205566e+00
-2.369401454925537109e+00,-1.474963426589965820e+00
1.136746883392333984e+00,1.146940112113952637e+00
-9.057621359825134277e-01,-8.375075459480285645e-01
1.112885832786560059e+00,1.308417081832885742e+00
6.299792230129241943e-02,4.987487941980361938e-02
3.254699707031250000e-01,5.594193339347839355e-01
-1.640683650970458984e+00,-6.933960914611816406e-01
1.609196424484252930e+00,1.088469147682189941e+00
-2.949183881282806396e-01,-3.290738761425018311e-01
-8.150901794433593750e-01,-9.553360939025878906e-02
1.594879746437072754e+00,1.190329551696777344e+00
-1.573872566223144531e+00,-1.704287528991699219e+00
1.107201650738716125e-01,-3.479525446891784668e-01
6.666834950447082520e-01,6.492849588394165039e-01
2.176178246736526489e-01,-1.264955550432205200e-01
8.170083165168762207e-01,8.450904488563537598e-01
-1.573872566223144531e+00,-1.324595928192138672e+00
1.706072449684143066e+00,7.369071245193481445e-01
-2.996906042098999023e-01,-3.140823841094970703e-01
-1.650228261947631836e+00,-1.568200111389160156e+00
-1.779078125953674316e+00,-1.484207153320312500e+00
-1.153917431831359863e+00,-7.413333058357238770e-01
5.731366109102964401e-03,2.676373720169067383e-01
-1.469795703887939453e-01,5.360078066587448120e-02
1.284685730934143066e+00,1.463439106941223145e+00
3.412182927131652832e-01,7.623572647571563721e-02
-2.185628712177276611e-01,-1.423923373222351074e-01
5.545364022254943848e-01,7.323965430259704590e-01
-3.808182179927825928e-01,-2.564139664173126221e-01
8.742749094963073730e-01,9.538089036941528320e-01
-1.149145364761352539e+00,-5.934344530105590820e-01
-6.766956448554992676e-01,-4.452359378337860107e-01
1.122430205345153809e+00,9.788589477539062500e-01
-4.524015486240386963e-01,7.782008498907089233e-03
9.601748585700988770e-01,1.017580866813659668e+00
-1.352441906929016113e+00,-1.028012156486511230e+00
1.298090219497680664e-01,5.911585092544555664e-01
-2.996948003768920898e+00,-2.948148727416992188e+00
1.071367621421813965e+00,1.187933564186096191e+00
-4.161326885223388672e-01,-3.220473229885101318e-01
-1.053701043128967285e+00,-1.524293422698974609e+00
4.018253982067108154e-01,9.468632340431213379e-01
-6.585614085197448730e-01,-6.342317461967468262e-01
-7.912290096282958984e-01,-8.646705746650695801e-01
-5.430737137794494629e-01,-5.374714136123657227e-01
-2.328795194625854492e-01,-2.357140332460403442e-01
-8.016858249902725220e-02,4.288844764232635498e-01
1.122430205345153809e+00,4.223359823226928711e-01
2.252533882856369019e-01,3.693888485431671143e-01
5.783974528312683105e-01,7.020274996757507324e-01
1.194013595581054688e+00,1.291668415069580078e+00
4.734086990356445312e-01,1.421756893396377563e-01
5.068141818046569824e-01,-2.018977850675582886e-01
1.485118746757507324e+00,1.821524143218994141e+00
2.013922184705734253e-01,3.292787373065948486e-01
-7.244180440902709961e-01,-5.917227864265441895e-01
3.813048601150512695e-01,4.653340578079223633e-01
-1.899295896291732788e-01,-9.034326076507568359e-01
7.883750200271606445e-01,8.194709420204162598e-01
7.616506218910217285e-01,3.921830058097839355e-01
-1.449795126914978027e+00,-1.148776531219482422e+00
9.267693161964416504e-01,8.741890788078308105e-01
2.682033181190490723e-01,3.643339276313781738e-01
4.161420166492462158e-01,5.725218057632446289e-01
8.360972404479980469e-01,8.194707632064819336e-01
2.825199365615844727e-01,6.288768649101257324e-01
1.154923811554908752e-01,1.536815166473388672e-01
-8.971300721168518066e-02,-2.942495346069335938e-01
-7.960010766983032227e-01,-9.862567782402038574e-01
4.734086990356445312e-01,1.260260194540023804e-01
3.159254491329193115e-01,2.719310224056243896e-01
-7.482789754867553711e-01,-1.426123857498168945e+00
3.016088008880615234e-01,9.141899347305297852e-01
1.270368933677673340e+00,1.551547884941101074e+00
-1.753307938575744629e+00,-2.155619144439697266e+00
1.676007509231567383e+00,1.843674302101135254e+00
-2.017688989639282227e+00,-1.131953954696655273e+00
-2.056779116392135620e-01,2.003670036792755127e-01
6.404362916946411133e-01,2.666702568531036377e-01
3.397866189479827881e-01,4.347193539142608643e-01
-2.156995236873626709e-01,-1.573275476694107056e-01
1.308546781539916992e+00,1.468771815299987793e+00
-3.760460317134857178e-01,-2.018978744745254517e-01
-2.634217739105224609e-01,-5.177638530731201172e-01
-2.309706509113311768e-01,4.720288515090942383e-01
5.402197241783142090e-01,7.903520464897155762e-01
-1.565241068601608276e-01,-2.907508239150047302e-02
-2.710572183132171631e-01,5.544025301933288574e-01
1.718045622110366821e-01,4.172345101833343506e-01
2.443422377109527588e-01,1.346657574176788330e-01
7.549694776535034180e-01,7.611735463142395020e-01
9.163131564855575562e-02,-4.540688917040824890e-02
9.506304264068603516e-01,1.024277687072753906e+00
1.031758069992065430e+00,1.062438130378723145e+00
-2.265844345092773438e+00,-1.863404393196105957e+00
8.170083165168762207e-01,1.118590116500854492e+00
-4.189960360527038574e-01,4.822015166282653809e-01
3.159254491329193115e-01,2.344423830509185791e-01
7.311084270477294922e-01,8.122375011444091797e-01
5.259030461311340332e-01,8.669091463088989258e-01
-5.001236796379089355e-01,-4.479965567588806152e-01
-1.526150465011596680e+00,-1.562444686889648438e+00
9.744915366172790527e-01,8.429623842239379883e-01
1.412581086158752441e+00,1.587755441665649414e+00
8.981360793113708496e-01,7.419536709785461426e-01
1.234100103378295898e+00,1.034213304519653320e+00
-1.416389465332031250e+00,-9.117679595947265625e-01
-2.323111057281494141e+00,-2.141611814498901367e+00
-1.069449424743652344e+00,-1.283690690994262695e+00
3.397866189479827881e-01,1.965103447437286377e-01
1.050846934318542480e+00,2.182241231203079224e-01
-2.767412550747394562e-02,-3.938059806823730469e-01
-4.910564422607421875e-01,-1.144174337387084961e+00
3.813048601150512695e-01,1.598471701145172119e-01
-1.517517715692520142e-01,1.071713864803314209e-02
-2.084500074386596680e+00,-2.346707344055175781e+00
-1.824891328811645508e+00,-1.395797252655029297e+00
-1.044156432151794434e+00,-1.548613786697387695e+00
-1.519946575164794922e+00,-8.586759567260742188e-01
-2.847100257873535156e+00,-2.465775728225708008e+00
5.449919700622558594e-01,2.939506173133850098e-01
5.306752324104309082e-01,1.430574059486389160e-01
5.727133527398109436e-02,7.195919752120971680e-01
1.017441391944885254e+00,8.544707298278808594e-01
3.407409787178039551e-01,-2.844165265560150146e-02
2.491144537925720215e-01,3.774389624595642090e-01
-1.612963229417800903e-01,8.417965471744537354e-02
8.217805027961730957e-01,7.025076746940612793e-01
3.350144028663635254e-01,3.774389624595642090e-01
5.306752324104309082e-01,4.068645536899566650e-01
-4.199087619781494141e-02,-2.413719892501831055e-02
9.363137483596801758e-01,7.976829409599304199e-01
-4.619459509849548340e-01,-6.547681689262390137e-01
-6.432902812957763672e-01,-6.010574102401733398e-01
4.018253982067108154e-01,3.254659175872802734e-01
1.609196424484252930e+00,1.414374589920043945e+00
-2.003372430801391602e+00,-1.888233900070190430e+00
-1.373916864395141602e+00,-8.377080559730529785e-01
1.823033690452575684e-01,4.560428559780120850e-01
6.070307493209838867e-01,6.559283137321472168e-01
7.731456309556961060e-02,7.544831931591033936e-02
-8.771288394927978516e-01,-6.843975186347961426e-01
-6.107972934842109680e-02,-1.093227565288543701e-01
5.354475378990173340e-01,-5.079771280288696289e-01
7.931472659111022949e-01,6.456767916679382324e-01
-5.048959851264953613e-01,-1.430427134037017822e-01
6.299792230129241943e-02,5.638211965560913086e-02
1.408763408660888672e+00,1.474124908447265625e+00
1.155835866928100586e+00,1.281739473342895508e+00
9.864221215248107910e-01,5.381515026092529297e-01
-2.042462378740310669e-01,-3.222425878047943115e-01
7.311084270477294922e-01,8.931623697280883789e-01
5.259030461311340332e-01,5.221080780029296875e-01
1.794400066137313843e-01,-8.715388178825378418e-02
1.990973949432373047e+00,1.764610528945922852e+00
1.202645897865295410e-01,1.271547079086303711e-01
1.351496696472167969e+00,1.127478599548339844e+00
5.736252069473266602e-01,5.808787047863006592e-02
1.089024782180786133e+00,8.232933878898620605e-01
-6.432902812957763672e-01,-8.089532852172851562e-01
-7.530512809753417969e-01,-1.068497657775878906e+00
-5.526181459426879883e-01,-5.175694227218627930e-01
1.714185237884521484e+00,9.049010872840881348e-01
8.742749094963073730e-01,7.445726394653320312e-01
1.065163731575012207e+00,1.609318494796752930e+00
-2.534000277519226074e-01,3.303926587104797363e-01
-5.511863231658935547e-01,-3.539221286773681641e-01
-1.065154194831848145e+00,-9.353817105293273926e-01
9.640352427959442139e-02,-5.079774856567382812e-01
-7.759578824043273926e-01,-1.173371553421020508e+00
1.370585560798645020e+00,1.264536619186401367e+00
5.918019637465476990e-02,-2.882823348045349121e-01
5.960546731948852539e-01,6.806218624114990234e-01
9.974406659603118896e-02,3.965548574924468994e-01
-5.096681118011474609e-01,-4.761375188827514648e-01
-1.545239329338073730e+00,-1.596601009368896484e+00
-8.341790437698364258e-01,-6.435776352882385254e-01
-5.287569761276245117e-01,-3.911989927291870117e-01
5.273346900939941406e-01,1.082594156265258789e+00
3.350144028663635254e-01,1.380353868007659912e-01
-3.235516846179962158e-01,-7.136707901954650879e-01
-8.055455088615417480e-01,-2.616740763187408447e-01
1.202645897865295410e-01,-2.682893276214599609e-01
7.645139098167419434e-01,7.776153087615966797e-01
3.679427206516265869e-01,1.348057538270950317e-01
-7.673678398132324219e-01,-1.908055692911148071e-01
4.209142327308654785e-01,8.194469660520553589e-02
8.408694267272949219e-01,7.279595136642456055e-01
-9.534844756126403809e-01,-7.783561348915100098e-01
-1.320945262908935547e+00,-1.235647201538085938e+00
-7.101012468338012695e-01,-9.725173115730285645e-01
-1.366281151771545410e+00,-7.326344847679138184e-01
7.606961727142333984e-01,1.057961463928222656e+00
-4.676309227943420410e-02,6.920084357261657715e-02
-2.199033260345458984e+00,-2.490435361862182617e+00
6.299792230129241943e-02,-3.060937225818634033e-01
1.413535594940185547e+00,1.138633251190185547e+00
5.163586139678955078e-01,4.333534836769104004e-01
-5.907958149909973145e-01,-1.180931806564331055e+00
6.251652240753173828e-01,7.153167128562927246e-01
4.390906915068626404e-02,-9.920649230480194092e-03
2.825199365615844727e-01,3.071380257606506348e-01
-3.951349854469299316e-01,-6.981759667396545410e-01
-1.183462888002395630e-01,1.834720820188522339e-01
1.775311529636383057e-01,-3.206808269023895264e-01
9.410859942436218262e-01,8.995480537414550781e-01
-1.803851723670959473e-01,-3.893088698387145996e-01
-1.064199805259704590e+00,-6.429200172424316406e-01
-1.261769652366638184e+00,-9.682909846305847168e-01
2.252533882856369019e-01,2.164220958948135376e-01
-4.189960360527038574e-01,-7.175790071487426758e-01
-2.552177190780639648e+00,-1.669884920120239258e+00
-1.558124303817749023e+00,-2.030222892761230469e+00
1.775311529636383057e-01,1.651012301445007324e-01
1.265596747398376465e+00,1.037588119506835938e+00
-2.891916930675506592e-01,-4.234187901020050049e-01
5.211308002471923828e-01,2.565020322799682617e-01
1.528068780899047852e+00,1.835143566131591797e+00
1.345812380313873291e-01,7.756526023149490356e-02
1.375357747077941895e+00,1.010416746139526367e+00
-2.208577394485473633e+00,-2.295800924301147461e+00
-1.411617398262023926e+00,-5.028532147407531738e-01
-2.380377531051635742e+00,-2.187066793441772461e+00
-2.017688989639282227e+00,-1.845629692077636719e+00
-2.233350872993469238e-01,-1.437662541866302490e-01
-2.553132057189941406e+00,-1.822484731674194336e+00
-6.170429587364196777e-01,-1.054213285446166992e+00
8.790471553802490234e-01,9.404070377349853516e-01
-1.947018057107925415e-01,-2.129704058170318604e-01
-3.760460317134857178e-01,-7.470584511756896973e-01
-8.962177038192749023e-01,-1.014355421066284180e+00
-7.864567041397094727e-01,-6.604951024055480957e-01
-9.678009748458862305e-01,-3.246788382530212402e-01
4.638642668724060059e-01,3.490477502346038818e-01
-2.744974851608276367e+00,-2.222159147262573242e+00
-5.669346451759338379e-01,-9.015595912933349609e-01
-8.680616021156311035e-01,-5.013985037803649902e-01
-1.947018057107925415e-01,-5.482686758041381836e-01
3.541032671928405762e-01,5.211663246154785156e-01
6.833862662315368652e-01,9.948275238275527954e-02
4.590920507907867432e-01,-1.677338033914566040e-02
-2.003867551684379578e-02,1.465095579624176025e-01
8.704571723937988281e-01,5.632443428039550781e-01
-2.089272022247314453e+00,-2.046484231948852539e+00
8.885915875434875488e-01,7.472268342971801758e-01
1.466029882431030273e+00,1.103736400604248047e+00
-2.104501277208328247e-01,-1.012722730636596680e+00
6.786140203475952148e-01,7.389627099037170410e-01
-5.192125439643859863e-01,-7.818182706832885742e-01
3.875087499618530273e-01,6.483870744705200195e-01
9.029082655906677246e-01,5.560067296028137207e-01
-1.553352236747741699e+00,-2.203238487243652344e+00
2.204811722040176392e-01,-1.839829981327056885e-02
5.974863767623901367e-01,6.292432546615600586e-01
-5.239848494529724121e-01,-7.287812829017639160e-01
1.050846934318542480e+00,7.854432463645935059e-01
1.528068780899047852e+00,1.385881185531616211e+00
-1.817255854606628418e+00,-2.352361440658569336e+00
5.731366109102964401e-03,-4.675874710083007812e-01
5.111092329025268555e-01,-1.451905816793441772e-02
-4.743537306785583496e-01,-4.359373450279235840e-01
1.145795360207557678e-02,3.783782124519348145e-01
-8.637666702270507812e-01,-4.045737087726593018e-01
1.138178586959838867e+00,1.875187873840332031e+00
-5.764793157577514648e-01,-3.607915937900543213e-01
2.300256043672561646e-01,4.068664312362670898e-01
1.775311529636383057e-01,-1.724223941564559937e-01
6.929306387901306152e-01,6.860371232032775879e-01
4.781809151172637939e-01,6.893755197525024414e-01
-2.567405700683593750e-01,-5.157884955406188965e-01
1.322863459587097168e+00,1.303445100784301758e+00
-6.003402471542358398e-01,-5.517211556434631348e-01
3.445588350296020508e-01,4.536458253860473633e-01
7.549694776535034180e-01,8.580896258354187012e-01
3.354915976524353027e-01,4.862792491912841797e-01
3.493310511112213135e-01,2.226005345582962036e-01
-1.979511141777038574e+00,-1.970327377319335938e+00
-6.485396027565002441e-01,-7.348338961601257324e-01
-1.473656058311462402e+00,-1.494856119155883789e+00
-8.923581987619400024e-02,4.325491487979888916e-01
3.717604279518127441e-01,7.386726140975952148e-01
1.790540695190429688e+00,1.747743368148803711e+00
-4.858071506023406982e-01,-3.392456173896789551e-01
-2.914865732192993164e+00,-2.675275802612304688e+00
-9.296233057975769043e-01,-1.391367197036743164e+00
1.809629559516906738e+00,1.620470285415649414e+00
8.170083165168762207e-01,6.379513144493103027e-01
9.267693161964416504e-01,1.052383899688720703e+00
2.080734074115753174e-01,4.264378547668457031e-01
1.060391426086425781e+00,1.060370653867721558e-01
-3.474127352237701416e-01,-7.983409762382507324e-01
-3.244633972644805908e-02,-5.342302918434143066e-01
-2.567405700683593750e-01,-4.286135435104370117e-01
8.074638843536376953e-01,7.725117802619934082e-01
1.460780501365661621e+00,1.023443698883056641e+00
-1.222160220146179199e+00,-7.810859084129333496e-01
4.285497963428497314e-01,-2.950834929943084717e-01
-7.539636641740798950e-02,-4.186820685863494873e-01
-2.809876918792724609e+00,-2.490140438079833984e+00
-1.545716524124145508e+00,-1.492686748504638672e+00
-7.244180440902709961e-01,-5.065971016883850098e-01
1.318091154098510742e+00,1.252758741378784180e+00
-5.430737137794494629e-01,-6.978450417518615723e-01
1.642601966857910156e+00,1.625581264495849609e+00
8.360972404479980469e-01,1.142535924911499023e+00
-1.678861498832702637e+00,-1.540282249450683594e+00
-3.617293834686279297e-01,-3.451437056064605713e-01
-1.502289295196533203e+00,-1.155661582946777344e+00
-1.020295500755310059e+00,-6.515743136405944824e-01
-2.328795194625854492e-01,-5.236136317253112793e-01
-1.235045194625854492e+00,-1.861257791519165039e+00
1.054706498980522156e-01,4.605475962162017822e-01
3.206976652145385742e-01,7.349577546119689941e-01
-1.088018566370010376e-01,-8.470734953880310059e-01
3.341015428304672241e-02,1.954468041658401489e-01
-1.040296480059623718e-01,-5.776639580726623535e-01
-1.469795703887939453e-01,-3.307850062847137451e-01
2.247760891914367676e-01,2.783546149730682373e-01
-3.550482988357543945e-01,-5.769644379615783691e-01
1.507071018218994141e+00,7.275156974792480469e-01
4.877253472805023193e-01,3.681822717189788818e-01
1.170152425765991211e+00,1.147387027740478516e+00
4.781809151172637939e-01,6.354349106550216675e-02
-1.335748564451932907e-02,1.249691247940063477e-01
-1.688405990600585938e+00,-2.024694681167602539e+00
1.282776713371276855e+00,1.206173598766326904e-01
1.084252476692199707e+00,1.430466294288635254e+00
-1.010751008987426758e+00,-1.000765323638916016e+00
7.731456309556961060e-02,3.765184432268142700e-02
5.831696391105651855e-01,3.062104806303977966e-02
-4.810348153114318848e-01,-5.953785181045532227e-01
3.321510553359985352e-01,1.094124168157577515e-01
-2.628533124923706055e+00,-2.490427494049072266e+00
1.536700874567031860e-01,-6.118969917297363281e-01
1.862124085426330566e+00,1.809248924255371094e+00
-8.723567128181457520e-01,-8.621804714202880859e-01
4.256864488124847412e-01,1.058228969573974609e+00
-1.135740727186203003e-01,-2.006331682205200195e-01
1.170152425765991211e+00,1.107926607131958008e+00
2.004800550639629364e-02,-2.731998860836029053e-01
5.068141818046569824e-01,4.125492274761199951e-01
-1.106195330619812012e+00,-1.129507541656494141e+00
5.497641563415527344e-01,7.150228619575500488e-01
-6.107972934842109680e-02,-2.264136672019958496e-01
1.160607933998107910e+00,9.178841114044189453e-01
-1.053223609924316406e+00,-1.180036902427673340e+00
-1.020295500755310059e+00,7.087147980928421021e-02
8.360972404479980469e-01,8.513288497924804688e-01
1.943251729011535645e+00,1.545706152915954590e+00
-1.569100499153137207e+00,-1.270146250724792480e+00
8.265527486801147461e-01,7.443163990974426270e-01
7.120195627212524414e-01,2.659631073474884033e-01
2.820427715778350830e-01,1.352368593215942383e-01
-6.814680099487304688e-01,-5.263015627861022949e-01
-3.350049555301666260e-01,-7.937734723091125488e-01
1.752363085746765137e+00,1.150534391403198242e+00
-5.349608063697814941e-01,-1.423064470291137695e+00
-2.036777734756469727e+00,-1.966800451278686523e+00
-7.053291797637939453e-01,-2.731999456882476807e-01
1.775311529636383057e-01,2.899662256240844727e-01
-1.182550907135009766e+00,-1.590022683143615723e+00
1.967112779617309570e+00,1.600680112838745117e+00
1.036530375480651855e+00,9.103331565856933594e-01
1.819174051284790039e+00,2.051938772201538086e+00
5.974863767623901367e-01,-5.250653997063636780e-02
-4.294948577880859375e-01,-5.146706700325012207e-01
-3.578699007630348206e-02,9.437870979309082031e-02
-4.524015486240386963e-01,-9.473483562469482422e-01
9.792637228965759277e-01,8.672902584075927734e-01
9.506304264068603516e-01,8.704019188880920410e-01
-3.378683030605316162e-01,-4.514862298965454102e-01
-6.242014169692993164e-01,-5.087302327156066895e-01
5.211308002471923828e-01,7.833174467086791992e-01
1.265596747398376465e+00,6.631869077682495117e-01
1.399218916893005371e+00,1.392791152000427246e+00
9.172248840332031250e-01,2.901516258716583252e-01
4.113698005676269531e-01,4.836421906948089600e-01
6.213474273681640625e-01,6.606701612472534180e-01
1.222646832466125488e+00,1.228442907333374023e+00
1.880300641059875488e-01,2.236964851617813110e-01
4.113698005676269531e-01,5.969859957695007324e-01
-3.092350363731384277e-01,-5.644919276237487793e-01
-7.912290096282958984e-01,-1.145719647407531738e+00
-4.027704298496246338e-01,-9.612674713134765625e-01
4.447754323482513428e-01,2.791867852210998535e-01
3.970531821250915527e-01,3.672903776168823242e-01
-1.665457189083099365e-01,4.127664491534233093e-02
-1.710835337638854980e+00,-1.515288949012756348e+00
1.260824561119079590e+00,1.535951852798461914e+00
6.118029952049255371e-01,1.138450384140014648e+00
-6.022492051124572754e-01,-5.083494782447814941e-01
-2.662850022315979004e-01,2.876569330692291260e-01
4.686364829540252686e-01,5.632763504981994629e-01
-1.063245534896850586e+00,-1.196133255958557129e+00
-8.341790437698364258e-01,-1.122109055519104004e+00
-4.667182862758636475e-01,-3.629320859909057617e-01
3.092443645000457764e-01,-3.955850899219512939e-01
3.436464443802833557e-02,-3.169933557510375977e-01
-1.812969893217086792e-02,-2.264136373996734619e-01
2.095962524414062500e+00,2.062891721725463867e+00
1.823033690452575684e-01,2.766937315464019775e-01
-7.244180440902709961e-01,-3.084686398506164551e-01
-4.180415570735931396e-01,-4.477378129959106445e-01
-8.007734417915344238e-01,-4.738791584968566895e-01
-2.281073033809661865e-01,2.582150511443614960e-02
-7.015112042427062988e-01,-9.668965339660644531e-01
2.524549961090087891e-01,1.104878336191177368e-01
1.451713323593139648e+00,1.465060710906982422e+00
-1.330489635467529297e+00,-1.134708166122436523e+00
-2.548317015171051025e-01,-8.340491056442260742e-01
-5.860237479209899902e-01,-2.528133094310760498e-01
-1.888839125633239746e+00,-2.173840284347534180e+00
1.456485509872436523e+00,1.465060830116271973e+00
3.159254491329193115e-01,-1.509401500225067139e-01
-1.149145364761352539e+00,-9.023625850677490234e-01
2.300256043672561646e-01,-5.437064543366432190e-02
-1.874522328376770020e+00,-1.140479803085327148e+00
5.345349758863449097e-02,-3.322742506861686707e-02
2.252533882856369019e-01,3.317758738994598389e-01
-4.676309227943420410e-02,-3.025776743888854980e-01
5.502413511276245117e-01,6.758984327316284180e-01
6.833862662315368652e-01,5.920508503913879395e-01
3.302421867847442627e-01,-3.787264600396156311e-02
-2.275388717651367188e+00,-2.412386655807495117e+00
6.929306387901306152e-01,6.871288418769836426e-01
5.736252069473266602e-01,4.120620787143707275e-01
-1.565241068601608276e-01,2.622925341129302979e-01
1.122430205345153809e+00,9.376381039619445801e-01
-3.244633972644805908e-02,-1.767012849450111389e-02
-5.239848494529724121e-01,-7.183221578598022461e-01
-6.576068401336669922e-01,-2.506892085075378418e-01
5.564452409744262695e-01,7.869018316268920898e-01
-3.808182179927825928e-01,9.917820990085601807e-02
2.004800550639629364e-02,2.014897763729095459e-03
1.704640746116638184e+00,1.645038008689880371e+00
-4.046794176101684570e-01,3.233452737331390381e-01
-2.853739559650421143e-01,-1.151902824640274048e-01
2.004800550639629364e-02,-3.606470301747322083e-02
8.408694267272949219e-01,9.029505252838134766e-01
-4.199087619781494141e-02,-1.589638888835906982e-01
1.050846934318542480e+00,9.814212322235107422e-01
9.888081550598144531e-01,9.398794770240783691e-01
8.074638843536376953e-01,1.492651104927062988e+00
-9.925743192434310913e-02,-3.943108916282653809e-01
-2.920550405979156494e-01,2.510718703269958496e-01
-4.986920952796936035e-01,-3.945923745632171631e-01
6.061187386512756348e-02,-6.264238357543945312e-01
-3.808182179927825928e-01,-2.435857653617858887e-01
7.311084270477294922e-01,7.703192830085754395e-01
-1.040815830230712891e+00,-1.007690191268920898e+00
1.022213697433471680e+00,8.140221834182739258e-01
-7.540056705474853516e-01,-5.962154269218444824e-01
-2.323111057281494141e+00,-2.548522233963012695e+00
-1.812969893217086792e-02,-1.219732016324996948e-01
1.222646832466125488e+00,1.167361378669738770e+00
4.590920507907867432e-01,-2.023355290293693542e-02
2.204811722040176392e-01,2.480589747428894043e-01
-5.096681118011474609e-01,-6.559613943099975586e-01
-2.319251447916030884e-01,-3.485589027404785156e-01
-1.040296480059623718e-01,9.917530417442321777e-02
8.551861047744750977e-01,7.493444681167602539e-01
6.213474273681640625e-01,1.211921930313110352e+00
-1.409231185913085938e+00,-1.063912153244018555e+00
-1.678861498832702637e+00,-2.074158430099487305e+00
-2.758295536041259766e-01,-3.016257584095001221e-01
1.074708104133605957e+00,1.026718735694885254e+00
5.402197241783142090e-01,7.138615250587463379e-01
5.607402920722961426e-01,1.628469675779342651e-03
-7.196456789970397949e-01,-5.308194756507873535e-01
1.690324187278747559e+00,1.371649742126464844e+00
1.318091154098510742e+00,1.023775100708007812e+00
1.504207611083984375e+00,1.463034987449645996e+00
2.395700365304946899e-01,1.152584254741668701e-01
-1.565241068601608276e-01,-5.719685927033424377e-02
-7.062415778636932373e-02,-2.582675814628601074e-01
7.311084270477294922e-01,1.038420677185058594e+00
5.402197241783142090e-01,-9.734995663166046143e-02
-5.860237479209899902e-01,-2.893057763576507568e-01
8.408694267272949219e-01,7.471508383750915527e-01
3.397866189479827881e-01,1.274058967828750610e-02
2.190494984388351440e-01,1.204120665788650513e-01
1.103341341018676758e+00,1.204237341880798340e+00
8.304126560688018799e-02,2.211517244577407837e-01
-1.445022702217102051e+00,-5.903971791267395020e-01
-7.148736119270324707e-01,-1.619054377079010010e-01
-1.478916127234697342e-02,1.375031620264053345e-01
8.599582910537719727e-01,9.877177476882934570e-01
1.117658019065856934e+00,9.430562257766723633e-01
9.926260113716125488e-01,7.287983298301696777e-01
-2.016734600067138672e+00,-2.151506900787353516e+00
5.202182009816169739e-02,8.918613195419311523e-03
6.452084779739379883e-01,9.424317479133605957e-01
-1.244589567184448242e+00,-7.692432403564453125e-01
-2.137906551361083984e-01,-2.237706482410430908e-01
-6.107972934842109680e-02,1.529808342456817627e-01
-1.120512008666992188e+00,-9.905583858489990234e-01
-5.526181459426879883e-01,-5.026755332946777344e-01
9.129298925399780273e-01,7.554044723510742188e-01
1.966200023889541626e-01,4.990448653697967529e-01
9.506304264068603516e-01,1.211921930313110352e+00
-6.107972934842109680e-02,5.074028372764587402e-01
-7.339624762535095215e-01,-7.937180399894714355e-01
7.463794946670532227e-01,7.787097096443176270e-01
1.340043425559997559e+00,1.550722718238830566e+00
-1.196867465972900391e+00,-9.334728121757507324e-01
7.836028337478637695e-01,9.814097881317138672e-01
1.122430205345153809e+00,1.192116379737854004e+00
9.315415620803833008e-01,9.985778331756591797e-01
-2.700116157531738281e+00,-2.433554410934448242e+00
1.050846934318542480e+00,1.147387266159057617e+00
3.016088008880615234e-01,5.833360552787780762e-01
-9.439400434494018555e-01,-6.258853673934936523e-01
-2.567405700683593750e-01,-9.006602168083190918e-01
3.445588350296020508e-01,3.668060898780822754e-01
-3.426405191421508789e-01,-5.054617524147033691e-01
-1.831572294235229492e+00,-1.488607048988342285e+00
-5.888868570327758789e-01,-6.868051886558532715e-01
-1.550488829612731934e+00,-1.474206924438476562e+00
-1.039384365081787109e+00,-1.099294304847717285e+00
4.495476186275482178e-01,3.987991511821746826e-01
5.211308002471923828e-01,9.551309943199157715e-01
1.794400066137313843e-01,1.794784963130950928e-01
-6.528347134590148926e-01,-8.782327175140380859e-01
1.155835866928100586e+00,9.755341410636901855e-01
-4.524015486240386963e-01,-3.279185295104980469e-01
7.377895116806030273e-01,9.648980498313903809e-01
-1.702722430229187012e+00,-1.309258580207824707e+00
2.205723524093627930e+00,1.899993419647216797e+00
3.302421867847442627e-01,7.115592956542968750e-01
1.365813374519348145e+00,1.289255023002624512e+00
-9.964342713356018066e-01,-7.909732460975646973e-01
-6.647652983665466309e-01,-1.911735773086547852e+00
2.002427101135253906e+00,8.062205314636230469e-01
1.679867208003997803e-01,-5.051717162132263184e-01
5.068141818046569824e-01,1.835614144802093506e-01
1.160607933998107910e+00,9.847698211669921875e-01
6.375729441642761230e-01,-4.265387356281280518e-01
3.483765423297882080e-01,2.008171752095222473e-02
-6.194291114807128906e-01,-7.255671024322509766e-01
1.170152425765991211e+00,6.955984830856323242e-01
1.966200023889541626e-01,2.687736451625823975e-01
1.456485509872436523e+00,1.172143459320068359e+00
5.020419955253601074e-01,4.663768708705902100e-01
-1.884066820144653320e+00,-1.450383186340332031e+00
-8.723567128181457520e-01,-4.403709173202514648e-01
3.684198856353759766e-01,1.835614442825317383e-01
-1.860699988901615143e-02,2.504891455173492432e-01
9.591530542820692062e-04,4.485609531402587891e-01
-1.215956330299377441e+00,-9.848077297210693359e-01
-7.387345433235168457e-01,-2.618314027786254883e-01
1.623513102531433105e+00,1.922562718391418457e+00
8.647304773330688477e-01,1.126690030097961426e+00
1.260824561119079590e+00,7.595841288566589355e-01
-6.576068401336669922e-01,-7.033898830413818359e-01
2.443422377109527588e-01,9.654614329338073730e-01
-1.592961430549621582e+00,-1.236508727073669434e+00
5.068141818046569824e-01,4.160151183605194092e-01
6.022585630416870117e-01,7.295172810554504395e-01
-7.053291797637939453e-01,-7.610402703285217285e-01
-9.081482887268066406e-01,-1.618859171867370605e-01
-6.576068401336669922e-01,-2.189227640628814697e-01
3.159254491329193115e-01,7.923565804958343506e-02
1.752363085746765137e+00,1.713897109031677246e+00
-1.040296480059623718e-01,-3.658476173877716064e-01
3.350144028663635254e-01,4.638233482837677002e-01
8.170083165168762207e-01,6.393952369689941406e-01
-1.153917431831359863e+00,-5.707128047943115234e-01
-1.326629221439361572e-01,7.270594686269760132e-02
-5.478457808494567871e-01,-6.062270998954772949e-01
1.797698974609375000e+00,5.099210739135742188e-01
5.402197241783142090e-01,1.094187974929809570e+00
1.341952204704284668e+00,1.368788361549377441e+00
-2.996906042098999023e-01,-2.838045060634613037e-01
2.863377928733825684e-01,5.216268897056579590e-01
1.141519069671630859e+00,1.084580898284912109e+00
1.599652051925659180e+00,1.437896847724914551e+00
-1.936561107635498047e+00,-1.901255846023559570e+00
-8.819011449813842773e-01,-6.347395777702331543e-01
-2.342199802398681641e+00,-1.703914999961853027e+00
-6.432902812957763672e-01,-6.787746548652648926e-01
-2.376517206430435181e-01,-2.732092440128326416e-01
-1.904067844152450562e-01,-6.128270179033279419e-03
3.922809660434722900e-01,-7.392465323209762573e-02
1.489890933036804199e+00,1.235678076744079590e+00
-8.852416872978210449e-01,-5.858771800994873047e-01
-6.719235777854919434e-01,-7.702020406723022461e-01
3.111532330513000488e-01,4.660334289073944092e-01
-4.519243538379669189e-01,-5.289792418479919434e-01
-2.949183881282806396e-01,-2.354816347360610962e-02
4.400030970573425293e-01,4.563204944133758545e-01
-7.864567041397094727e-01,-1.932049542665481567e-02
1.074708104133605957e+00,1.108082652091979980e+00
-7.358711957931518555e-01,3.900430351495742798e-02
-7.530512809753417969e-01,-9.219456315040588379e-01
-1.183462888002395630e-01,1.316193342208862305e-01
2.920643687248229980e-01,3.258107900619506836e-01
-2.694866895675659180e+00,-2.350219726562500000e+00
-3.617293834686279297e-01,-6.155322492122650146e-02
-7.625957131385803223e-01,-7.510016560554504395e-01
-2.958727777004241943e-01,2.055106461048126221e-01
-2.476734519004821777e-01,7.546314597129821777e-02
-6.337458491325378418e-01,-8.539797663688659668e-01
-8.389511108398437500e-01,-4.756137132644653320e-01
-2.615127861499786377e-01,-5.584109425544738770e-01
1.074708104133605957e+00,1.466542005538940430e+00
4.490703344345092773e-01,-6.615694612264633179e-02
4.256864488124847412e-01,9.543352127075195312e-01
-1.288493990898132324e+00,-1.425178170204162598e+00
-1.422073543071746826e-01,-1.530250310897827148e-01
5.640807747840881348e-01,4.372142553329467773e-01
-3.283239006996154785e-01,-3.874266892671585083e-02
6.929306387901306152e-01,6.357617378234863281e-01
-9.257636219263076782e-02,-1.661757528781890869e-01
-1.569100499153137207e+00,-8.844754099845886230e-01
1.981429457664489746e+00,1.728940606117248535e+00
5.846013426780700684e-01,8.084037303924560547e-01
1.680779695510864258e+00,1.616907238960266113e+00
1.050357893109321594e-02,4.134808778762817383e-01
8.647304773330688477e-01,8.672753572463989258e-01
8.026916980743408203e-01,5.991945862770080566e-01
-7.482789754867553711e-01,-8.998149633407592773e-01
-5.717069506645202637e-01,-2.178177833557128906e-01
-5.068047642707824707e-01,-5.885182321071624756e-02
-7.816845774650573730e-01,-1.641168892383575439e-01
5.020419955253601074e-01,6.367715001106262207e-01
8.170083165168762207e-01,8.580797910690307617e-01
-6.647652983665466309e-01,-1.074672937393188477e+00
-2.042462378740310669e-01,-4.412867128849029541e-02
6.929306387901306152e-01,2.478986680507659912e-01
6.638201475143432617e-01,3.494982719421386719e-01
5.974863767623901367e-01,4.798429906368255615e-01
-4.996464848518371582e-01,-4.226866662502288818e-01
1.038439273834228516e+00,8.456678986549377441e-01
-7.578234076499938965e-01,-8.485327363014221191e-01
-4.309265315532684326e-01,-5.226276516914367676e-01
3.445588350296020508e-01,3.176227807998657227e-01
1.170152425765991211e+00,1.154061079025268555e+00
1.017441391944885254e+00,7.088245749473571777e-01
-5.144404172897338867e-01,-6.725048422813415527e-01
1.236963510513305664e+00,1.393256902694702148e+00
-1.656431913375854492e+00,-1.096417427062988281e+00
1.050846934318542480e+00,1.161362648010253906e+00
-1.005978703498840332e+00,-6.116556525230407715e-01
1.767156839370727539e+00,1.502306342124938965e+00
-3.497988879680633545e-01,-5.828419327735900879e-01
2.482021786272525787e-02,2.014268338680267334e-01
1.685552000999450684e+00,1.733505964279174805e+00
2.482021786272525787e-02,-4.023531824350357056e-02
2.524549961090087891e-01,5.395054221153259277e-01
4.447754323482513428e-01,5.517139434814453125e-01
-2.044890642166137695e+00,-1.915886878967285156e+00
-8.938317298889160156e-01,-2.761728763580322266e-01
1.479860488325357437e-02,2.301777005195617676e-01
-1.058473110198974609e+00,-6.367460638284683228e-02
-7.248952388763427734e-01,-5.980455279350280762e-01
1.050846934318542480e+00,9.695044755935668945e-01
3.254699707031250000e-01,3.309352099895477295e-01
-5.335292816162109375e-01,-1.069509267807006836e+00
6.738418340682983398e-01,1.282045543193817139e-01
7.597417235374450684e-01,6.913061141967773438e-01
5.736252069473266602e-01,4.684289991855621338e-01
-8.771288394927978516e-01,-6.117838621139526367e-01
1.705595254898071289e+00,1.258520245552062988e+00
-1.058473110198974609e+00,-1.270402073860168457e+00
4.590920507907867432e-01,5.539427995681762695e-01
7.645139098167419434e-01,7.848132252693176270e-01
-2.361288785934448242e+00,-2.305446147918701172e+00
1.932794600725173950e-01,6.873189657926559448e-02
-6.289735436439514160e-01,-2.255896627902984619e-01
-1.044156432151794434e+00,-5.226277709007263184e-01
9.425176382064819336e-01,9.767360687255859375e-01
2.586588859558105469e-01,1.155158132314682007e-01
2.395700365304946899e-01,-2.096999436616897583e-03
-1.565241068601608276e-01,1.307908296585083008e-01
1.031758069992065430e+00,1.002215027809143066e+00
1.108113646507263184e+00,9.202225804328918457e-01
4.218687415122985840e-01,4.786878228187561035e-01
-6.089302897453308105e-01,-3.363520205020904541e-01
-5.955681800842285156e-01,-1.917968392372131348e-01
7.692861557006835938e-01,3.952072560787200928e-01
-8.031595945358276367e-01,-7.120080292224884033e-03
3.751009702682495117e-01,2.741741836071014404e-01
1.399218916893005371e+00,1.268277049064636230e+00
-1.096650838851928711e+00,-8.020425438880920410e-01
1.508979797363281250e+00,1.042389035224914551e+00
-1.239817500114440918e+00,-1.182983875274658203e+00
2.395700365304946899e-01,3.176229596138000488e-01
1.442168831825256348e+00,1.096908211708068848e+00
7.167918086051940918e-01,6.662164330482482910e-01
1.174924731254577637e+00,1.609184980392456055e+00
8.217805027961730957e-01,8.840241432189941406e-01
-1.029839873313903809e+00,-1.293771862983703613e+00
1.298090219497680664e-01,-2.135764658451080322e-01
8.360972404479980469e-01,6.901145577430725098e-01
-1.034611940383911133e+00,-1.321544647216796875e+00
1.905074000358581543e+00,1.469395399093627930e+00
-5.287569761276245117e-01,-1.530171930789947510e-01
1.536700874567031860e-01,9.674020111560821533e-02
1.003124833106994629e+00,6.543341279029846191e-01
1.679867208003997803e-01,3.047295212745666504e-01
5.068141818046569824e-01,9.138669967651367188e-01
4.209142327308654785e-01,4.117330610752105713e-01
9.163131564855575562e-02,4.698559641838073730e-02
2.061645388603210449e-01,3.044381439685821533e-01
1.661690831184387207e+00,1.968949317932128906e+00
3.302421867847442627e-01,3.992268443107604980e-01
7.501972913742065430e-01,5.592940449714660645e-01
-4.333126842975616455e-01,-9.219456911087036133e-01
-6.766956448554992676e-01,-1.210292205214500427e-01
1.698955893516540527e-01,1.526584327220916748e-01
7.167918086051940918e-01,7.834795117378234863e-01
-1.273222804069519043e+00,-1.206680417060852051e+00
-1.803851723670959473e-01,7.456526905298233032e-02
-3.721866384148597717e-02,1.371998935937881470e-01
1.488978713750839233e-01,2.517741024494171143e-01
3.827365338802337646e-01,6.653904914855957031e-01
-4.748309254646301270e-01,-1.138362050056457520e+00
-4.619459509849548340e-01,-4.157214760780334473e-01
-4.714903831481933594e-01,1.325624585151672363e-01
-1.631139159202575684e+00,-1.831720232963562012e+00
-1.040296480059623718e-01,-9.869512170553207397e-02
6.977028846740722656e-01,6.715338826179504395e-01
1.671235322952270508e+00,9.214407205581665039e-01
-2.471961528062820435e-01,-4.235118329524993896e-01
-6.289735436439514160e-01,-3.329761922359466553e-01
-8.198623061180114746e-01,-5.391454696655273438e-01
6.929306387901306152e-01,3.567757904529571533e-01
-1.731355786323547363e+00,-1.987604975700378418e+00
1.141519069671630859e+00,9.656920433044433594e-01
5.736252069473266602e-01,8.015586733818054199e-01
1.384902238845825195e+00,1.144691228866577148e+00
6.642974019050598145e-01,6.029135584831237793e-01
-7.549600601196289062e-01,-3.843882083892822266e-01
5.044280886650085449e-01,9.574626088142395020e-01
8.456416726112365723e-01,4.620758295059204102e-01
-2.289705038070678711e+00,-2.355439662933349609e+00
-1.231184974312782288e-01,-3.579877018928527832e-01
-2.070183038711547852e+00,-2.226830244064331055e+00
8.790471553802490234e-01,1.060355424880981445e+00
5.211308002471923828e-01,3.417429029941558838e-01
-2.901461720466613770e-01,-5.970107316970825195e-01
1.981429457664489746e+00,1.403996229171752930e+00
-1.354350566864013672e+00,-1.463030457496643066e+00
-2.290191128849983215e-02,-1.429538130760192871e-01
-2.567405700683593750e-01,1.794393062591552734e-01
-2.796472609043121338e-01,4.757002741098403931e-02
1.103341341018676758e+00,6.965493559837341309e-01
-4.953515827655792236e-01,-1.448859453201293945e+00
6.738418340682983398e-01,6.906504034996032715e-01
-5.764793157577514648e-01,-3.824506402015686035e-01
-3.235516846179962158e-01,-2.671117186546325684e-01
-2.647621870040893555e+00,-2.152017354965209961e+00
5.731366109102964401e-03,-9.548660367727279663e-02
-6.318368911743164062e-01,-6.371143460273742676e-01
-2.037255048751831055e+00,-1.809029221534729004e+00
-4.524015486240386963e-01,-8.159721642732620239e-02
-2.595127344131469727e+00,-2.449703693389892578e+00
-1.101423144340515137e+00,-3.800153732299804688e-01
5.211308002471923828e-01,4.453785419464111328e-01
-1.335261702537536621e+00,-1.421844959259033203e+00
6.356640458106994629e-01,7.171893119812011719e-01
-4.299721419811248779e-01,-4.574007987976074219e-01
1.050357893109321594e-02,4.986528754234313965e-01
-1.247452974319458008e+00,-1.198365688323974609e+00
-1.864977955818176270e+00,-1.206622362136840820e+00
-2.299249887466430664e+00,-2.512451410293579102e+00
2.347978204488754272e-01,-1.536002010107040405e-02
2.710666656494140625e-01,1.559522747993469238e-01
1.351496696472167969e+00,7.530924677848815918e-01
1.060391426086425781e+00,1.072171926498413086e+00
-1.111922025680541992e+00,-5.051314234733581543e-01
-5.669346451759338379e-01,-5.404925346374511719e-01
1.050357893109321594e-02,-1.091881841421127319e-02
-6.003402471542358398e-01,-9.786091744899749756e-02
1.761907458305358887e+00,1.631467223167419434e+00
1.232191205024719238e+00,1.324399948120117188e+00
-2.552177190780639648e+00,-2.059282541275024414e+00
6.308918595314025879e-01,6.467853188514709473e-01
-3.650699257850646973e-01,-6.329709291458129883e-01
7.883750200271606445e-01,7.666911482810974121e-01
9.792637228965759277e-01,9.160625338554382324e-01
-6.337458491325378418e-01,-1.161401867866516113e+00
8.695027232170104980e-01,7.873694300651550293e-01
1.213102340698242188e+00,1.257790327072143555e+00
3.206976652145385742e-01,2.907755970954895020e-01
-7.578234076499938965e-01,-1.505093455314636230e+00
1.637829661369323730e+00,1.138958692550659180e+00
1.536700874567031860e-01,3.316251039505004883e-01
-1.005978703498840332e+00,-3.207204341888427734e-01
4.304586648941040039e-01,5.330309867858886719e-01
-8.690162301063537598e-01,-3.709514737129211426e-01
3.980076611042022705e-01,4.959676861763000488e-01
1.160607933998107910e+00,1.221583604812622070e+00
1.011757403612136841e-01,-1.066167831420898438e+00
-7.148736119270324707e-01,-8.393060564994812012e-01
3.970531821250915527e-01,2.151774615049362183e-01
-3.330960869789123535e-01,-6.419147253036499023e-01
8.360972404479980469e-01,5.138598680496215820e-01
7.072473168373107910e-01,5.453826189041137695e-01
-5.535303056240081787e-02,5.695319771766662598e-01
1.943251729011535645e+00,1.350267648696899414e+00
2.482021786272525787e-02,-1.263449192047119141e-01
-1.678861498832702637e+00,-1.775666475296020508e+00
3.350144028663635254e-01,2.913219928741455078e-01
-1.756129562854766846e-01,-2.802069783210754395e-01
-1.517517715692520142e-01,-6.892436742782592773e-01
-2.265844345092773438e+00,-2.504260778427124023e+00
-4.079287052154541016e+00,-2.499947547912597656e+00
-1.058473110198974609e+00,-9.549464583396911621e-01
3.159254491329193115e-01,5.199685692787170410e-01
1.298090219497680664e-01,6.015256643295288086e-01
-2.662850022315979004e-01,-6.842184066772460938e-01
-2.758295536041259766e-01,-6.109971553087234497e-02
1.079480290412902832e+00,1.452422499656677246e+00
-1.297995746135711670e-01,-1.606420427560806274e-01
6.261196136474609375e-01,9.496325850486755371e-01
1.174924731254577637e+00,1.158162236213684082e+00
8.885915875434875488e-01,7.640603780746459961e-01
-2.471049547195434570e+00,-2.536967754364013672e+00
-3.569571673870086670e-01,-3.484793901443481445e-01
-6.910124421119689941e-01,-1.120371460914611816e+00
1.747590661048889160e+00,1.343026876449584961e+00
-1.612963229417800903e-01,-1.306390911340713501e-01
1.131974697113037109e+00,9.469462633132934570e-01
2.443422377109527588e-01,5.867777466773986816e-01
8.647304773330688477e-01,4.719755053520202637e-01
1.488978713750839233e-01,4.056092500686645508e-01
-1.612963229417800903e-01,-6.196541190147399902e-01
-2.576950788497924805e-01,-3.195031285285949707e-01
8.981360793113708496e-01,9.980252385139465332e-01
6.261196136474609375e-01,4.855396747589111328e-01
-3.378683030605316162e-01,-5.072510838508605957e-01
-1.029839873313903809e+00,-1.132891416549682617e+00
1.074708104133605957e+00,1.158162355422973633e+00
1.728501915931701660e+00,1.904503345489501953e+00
4.877253472805023193e-01,1.741999983787536621e-01
1.528068780899047852e+00,1.705960750579833984e+00
2.443422377109527588e-01,2.486345171928405762e-01
-1.517517715692520142e-01,-4.428747892379760742e-01
9.410859942436218262e-01,9.669956564903259277e-01
9.983525872230529785e-01,9.902777671813964844e-01
7.979194521903991699e-01,7.291204333305358887e-01
1.089024782180786133e+00,3.758794665336608887e-01
4.161420166492462158e-01,4.751898646354675293e-01
4.314131438732147217e-01,6.367619633674621582e-01
-6.528347134590148926e-01,-8.370832800865173340e-01
-8.055455088615417480e-01,-5.815138220787048340e-01
-9.582566022872924805e-01,-5.987572669982910156e-01
5.115864276885986328e-01,6.347742080688476562e-01
-4.858071506023406982e-01,-1.012686491012573242e+00
-4.905792474746704102e-01,-1.192757606506347656e+00
-6.585194170475006104e-02,-2.381516844034194946e-01
-6.107972934842109680e-02,2.486345469951629639e-01
-1.017432093620300293e+00,-9.459909200668334961e-01
2.939732372760772705e-01,7.447108030319213867e-01
1.914618253707885742e+00,1.686336874961853027e+00
2.347978204488754272e-01,1.742000281810760498e-01
9.019964188337326050e-02,1.239009425044059753e-01
3.063810169696807861e-01,3.701883554458618164e-01
2.729755342006683350e-01,-1.093320995569229126e-01
3.607843220233917236e-01,4.983454942703247070e-01
-2.910093545913696289e+00,-2.541703462600708008e+00
7.254234701395034790e-02,-6.866356134414672852e-01
1.733274102210998535e+00,1.994122385978698730e+00
1.823033690452575684e-01,4.482086896896362305e-01
-1.466020584106445312e+00,-1.399293541908264160e+00
-1.171574711799621582e+00,-9.893564581871032715e-01
-2.290191128849983215e-02,3.899465203285217285e-01
2.075961083173751831e-01,-5.809626728296279907e-02
-6.442446708679199219e-01,-7.347449660301208496e-01
-4.810348153114318848e-01,-7.101383805274963379e-01
1.345812380313873291e-01,-2.753666043281555176e-01
9.363137483596801758e-01,1.020289182662963867e+00
-2.567405700683593750e-01,4.853957518935203552e-02
-8.737882971763610840e-01,-3.397005200386047363e-01
-1.406845092773437500e+00,-1.867771744728088379e+00
7.454250454902648926e-01,6.927072405815124512e-01
5.822570994496345520e-02,-2.129565924406051636e-01
2.548411488533020020e-01,1.478403806686401367e-01
2.825199365615844727e-01,1.438978612422943115e-01
-3.521849513053894043e-01,-6.545252203941345215e-01
6.547529697418212891e-01,5.858705043792724609e-01
3.922809660434722900e-01,7.839103341102600098e-01
9.649471044540405273e-01,8.295472264289855957e-01
3.016088008880615234e-01,3.809012174606323242e-01
3.970531821250915527e-01,1.227124691009521484e+00
-7.539636641740798950e-02,-6.500857323408126831e-02
-8.098406791687011719e-01,-4.773508310317993164e-01
-1.517517715692520142e-01,1.326724886894226074e-03
1.284685730934143066e+00,1.294266343116760254e+00
8.981360793113708496e-01,9.439017176628112793e-01
-5.287569761276245117e-01,-5.054710060358047485e-02
-2.520680665969848633e+00,-3.233602046966552734e+00
9.029082655906677246e-01,1.041299581527709961e+00
-1.698862612247467041e-01,6.757965683937072754e-02
-1.187322974205017090e+00,-7.043269276618957520e-01
1.679867208003997803e-01,3.087462484836578369e-02
3.483765423297882080e-01,3.417303562164306641e-01
1.107201650738716125e-01,2.549480795860290527e-01
-1.418775677680969238e+00,-1.073260426521301270e+00
-2.133134752511978149e-01,-6.036715507507324219e-01
-1.173006534576416016e+00,-8.806943297386169434e-01
-8.341790437698364258e-01,-3.911845684051513672e-01
1.074708104133605957e+00,1.168546319007873535e+00
-2.647621870040893555e+00,-2.130499839782714844e+00
-8.341790437698364258e-01,-7.552554607391357422e-01
6.929306387901306152e-01,7.057763338088989258e-01
1.609196424484252930e+00,1.529785513877868652e+00
-4.194732308387756348e-01,-1.999100804328918457e+00
-3.044628202915191650e-01,-7.347442507743835449e-01
4.299690946936607361e-03,-1.351481527090072632e-01
-9.534844756126403809e-01,-6.799657344818115234e-01
-8.016858249902725220e-02,2.789019942283630371e-01
-6.585194170475006104e-02,-7.016051560640335083e-02
1.351496696472167969e+00,1.416049242019653320e+00
-1.660685241222381592e-01,-5.256394743919372559e-01
4.652959406375885010e-01,5.283961296081542969e-01
-1.349578499794006348e+00,-6.799656748771667480e-01
-7.816845774650573730e-01,-7.891346216201782227e-01
6.413907408714294434e-01,5.321745276451110840e-01
4.944064021110534668e-01,3.968896865844726562e-01
1.345812380313873291e-01,-3.536280989646911621e-01
2.787022292613983154e-01,3.872312307357788086e-01
-1.674089193344116211e+00,-1.158393979072570801e+00
-5.621625781059265137e-01,-1.847535818815231323e-01
1.112885832786560059e+00,1.221583485603332520e+00
2.739300131797790527e-01,9.256421029567718506e-02
-2.996906042098999023e-01,4.542528465390205383e-02
-1.490836143493652344e+00,-1.685146927833557129e+00
-2.806017696857452393e-01,-3.023892045021057129e-01
-1.235045194625854492e+00,-8.380938172340393066e-01
9.052943587303161621e-01,8.024062514305114746e-01
1.065163731575012207e+00,8.429208993911743164e-01
-4.333126842975616455e-01,-5.687735080718994141e-01
1.241735696792602539e+00,1.327445745468139648e+00
-2.290191128849983215e-02,1.489112079143524170e-01
-2.328795194625854492e-01,-1.068195402622222900e-01
-2.388490438461303711e+00,-2.105876207351684570e+00
9.124526977539062500e-01,1.041162014007568359e+00
6.738418340682983398e-01,9.897251725196838379e-01
-2.901461720466613770e-01,-4.875834584236145020e-01
6.833862662315368652e-01,8.519770503044128418e-01
1.488978713750839233e-01,3.938957452774047852e-01
-2.647621870040893555e+00,-1.526573419570922852e+00
1.580563187599182129e+00,2.299752950668334961e+00
1.661690831184387207e+00,1.188216209411621094e+00
5.941457748413085938e-01,8.083040118217468262e-01
1.112885832786560059e+00,1.501071691513061523e+00
-1.411617398262023926e+00,-1.513269543647766113e+00
-1.280858516693115234e+00,-1.226253509521484375e+00
-6.289735436439514160e-01,-5.908749103546142578e-01
3.588754832744598389e-01,-7.538960576057434082e-01
-1.864977955818176270e+00,-1.411616802215576172e+00
-2.443370819091796875e+00,-2.636545419692993164e+00
2.395700365304946899e-01,-4.926747679710388184e-01
2.586588859558105469e-01,4.980928301811218262e-01
4.590920507907867432e-01,2.486341744661331177e-01
5.020419955253601074e-01,4.039580821990966797e-01
6.924535036087036133e-01,-3.559269756078720093e-02
-5.449824333190917969e-01,-7.939941883087158203e-01
1.843035101890563965e+00,1.114638328552246094e+00
4.781809151172637939e-01,6.259154677391052246e-01
-8.127040266990661621e-01,-2.230285555124282837e-01
5.020419955253601074e-01,6.350889801979064941e-01
5.211308002471923828e-01,8.866312503814697266e-01
1.986201643943786621e+00,1.942825794219970703e+00
-6.623791456222534180e-01,-4.875834584236145020e-01
1.446941018104553223e+00,1.831846594810485840e+00
3.636476695537567139e-01,1.179985255002975464e-01
-5.048959851264953613e-01,-3.866133689880371094e-01
1.251280069351196289e+00,1.015944242477416992e+00
9.267693161964416504e-01,1.064332962036132812e+00
-6.585194170475006104e-02,-3.437149524688720703e-02
-1.254134058952331543e+00,-1.331948161125183105e+00
-6.671512126922607422e-01,2.794668637216091156e-02
9.744915366172790527e-01,9.976445436477661133e-01
4.619553089141845703e-01,2.644706964492797852e-01
7.311084270477294922e-01,7.564847469329833984e-01
9.506304264068603516e-01,6.378501653671264648e-01
3.684198856353759766e-01,7.980769872665405273e-01
8.026916980743408203e-01,9.096031785011291504e-01
4.590920507907867432e-01,6.213576793670654297e-01
-2.376517206430435181e-01,-1.510911732912063599e-01
2.157089710235595703e-01,2.803342342376708984e-01
8.360972404479980469e-01,1.102544069290161133e+00
-5.630751699209213257e-02,7.102966308593750000e-02
1.341952204704284668e+00,1.104002594947814941e+00
-3.550482988357543945e-01,-3.775280117988586426e-01
-3.813060000538825989e-03,6.517392396926879883e-01
-1.422073543071746826e-01,-5.901620388031005859e-01
-3.569571673870086670e-01,-5.941762328147888184e-01
-3.020766675472259521e-01,-1.992519348859786987e-01
-5.678470432758331299e-02,1.051280945539474487e-01
-5.907958149909973145e-01,-8.204926848411560059e-01
1.976657152175903320e+00,1.807716488838195801e+00
1.580563187599182129e+00,1.752657055854797363e+00
5.731366109102964401e-03,3.931070566177368164e-01
1.699868559837341309e+00,1.000019192695617676e+00
